prior_case_id,disposition,rationale_code,source_citation
independent-holdout-positive-002,retired,generated_or_unbound_v2_case,v3.15_lineage_review
independent-holdout-positive-003,retired,generated_or_unbound_v2_case,v3.15_lineage_review
independent-holdout-positive-005,retired,generated_or_unbound_v2_case,v3.15_lineage_review
independent-holdout-positive-007,retired,generated_or_unbound_v2_case,v3.15_lineage_review
independent-holdout-positive-008,retired,generated_or_unbound_v2_case,v3.15_lineage_review
independent-holdout-positive-010,retired,generated_or_unbound_v2_case,v3.15_lineage_review
independent-holdout-positive-012,retired,generated_or_unbound_v2_case,v3.15_lineage_review
independent-holdout-positive-013,retired,generated_or_unbound_v2_case,v3.15_lineage_review
independent-holdout-positive-014,retired,generated_or_unbound_v2_case,v3.15_lineage_review
independent-holdout-positive-015,retired,generated_or_unbound_v2_case,v3.15_lineage_review
independent-holdout-positive-016,retired,generated_or_unbound_v2_case,v3.15_lineage_review
independent-holdout-positive-017,retired,generated_or_unbound_v2_case,v3.15_lineage_review
independent-holdout-positive-018,retired,generated_or_unbound_v2_case,v3.15_lineage_review
independent-holdout-positive-019,retired,generated_or_unbound_v2_case,v3.15_lineage_review
independent-holdout-positive-020,retired,generated_or_unbound_v2_case,v3.15_lineage_review
independent-holdout-positive-021,retired,generated_or_unbound_v2_case,v3.15_lineage_review
independent-holdout-positive-022,retired,generated_or_unbound_v2_case,v3.15_lineage_review
independent-holdout-positive-023,retired,generated_or_unbound_v2_case,v3.15_lineage_review
independent-holdout-positive-025,retired,generated_or_unbound_v2_case,v3.15_lineage_review
independent-holdout-positive-026,retired,generated_or_unbound_v2_case,v3.15_lineage_review
independent-holdout-positive-027,retired,generated_or_unbound_v2_case,v3.15_lineage_review
independent-holdout-positive-028,retired,generated_or_unbound_v2_case,v3.15_lineage_review
independent-holdout-positive-029,retired,generated_or_unbound_v2_case,v3.15_lineage_review
independent-holdout-positive-030,retired,generated_or_unbound_v2_case,v3.15_lineage_review
independent-holdout-positive-031,retired,generated_or_unbound_v2_case,v3.15_lineage_review
independent-holdout-positive-032,retired,generated_or_unbound_v2_case,v3.15_lineage_review
independent-holdout-positive-033,retired,generated_or_unbound_v2_case,v3.15_lineage_review
independent-holdout-positive-035,retired,generated_or_unbound_v2_case,v3.15_lineage_review
independent-holdout-positive-036,retired,generated_or_unbound_v2_case,v3.15_lineage_review
independent-holdout-positive-037,retired,generated_or_unbound_v2_case,v3.15_lineage_review
independent-holdout-positive-038,retired,generated_or_unbound_v2_case,v3.15_lineage_review
independent-holdout-positive-039,retired,generated_or_unbound_v2_case,v3.15_lineage_review
independent-holdout-positive-040,retired,generated_or_unbound_v2_case,v3.15_lineage_review
independent-holdout-positive-041,retired,generated_or_unbound_v2_case,v3.15_lineage_review
independent-holdout-positive-042,retired,generated_or_unbound_v2_case,v3.15_lineage_review
independent-holdout-positive-043,retired,generated_or_unbound_v2_case,v3.15_lineage_review
independent-holdout-positive-044,retired,generated_or_unbound_v2_case,v3.15_lineage_review
independent-holdout-positive-045,retired,generated_or_unbound_v2_case,v3.15_lineage_review
independent-holdout-positive-046,retired,generated_or_unbound_v2_case,v3.15_lineage_review
independent-holdout-positive-047,retired,generated_or_unbound_v2_case,v3.15_lineage_review
independent-holdout-positive-048,retired,generated_or_unbound_v2_case,v3.15_lineage_review
independent-holdout-positive-049,retired,generated_or_unbound_v2_case,v3.15_lineage_review
independent-holdout-positive-050,retired,generated_or_unbound_v2_case,v3.15_lineage_review
independent-holdout-positive-051,retired,generated_or_unbound_v2_case,v3.15_lineage_review
independent-holdout-positive-052,retired,generated_or_unbound_v2_case,v3.15_lineage_review
independent-holdout-positive-054,retired,generated_or_unbound_v2_case,v3.15_lineage_review
independent-holdout-positive-055,retired,generated_or_unbound_v2_case,v3.15_lineage_review
independent-holdout-positive-056,retired,generated_or_unbound_v2_case,v3.15_lineage_review
independent-holdout-positive-057,retired,generated_or_unbound_v2_case,v3.15_lineage_review
independent-holdout-positive-058,retired,generated_or_unbound_v2_case,v3.15_lineage_review
independent-holdout-positive-059,retired,generated_or_unbound_v2_case,v3.15_lineage_review
independent-holdout-positive-060,retired,generated_or_unbound_v2_case,v3.15_lineage_review
independent-holdout-positive-061,retired,generated_or_unbound_v2_case,v3.15_lineage_review
independent-holdout-positive-062,retired,generated_or_unbound_v2_case,v3.15_lineage_review
independent-holdout-positive-063,retired,generated_or_unbound_v2_case,v3.15_lineage_review
independent-holdout-positive-065,retired,generated_or_unbound_v2_case,v3.15_lineage_review
independent-holdout-positive-066,retired,generated_or_unbound_v2_case,v3.15_lineage_review
independent-holdout-positive-067,retired,generated_or_unbound_v2_case,v3.15_lineage_review
independent-holdout-positive-068,retired,generated_or_unbound_v2_case,v3.15_lineage_review
independent-holdout-positive-069,retired,generated_or_unbound_v2_case,v3.15_lineage_review
independent-holdout-positive-070,retired,generated_or_unbound_v2_case,v3.15_lineage_review
independent-holdout-positive-071,retired,generated_or_unbound_v2_case,v3.15_lineage_review
independent-holdout-positive-072,retired,generated_or_unbound_v2_case,v3.15_lineage_review
independent-holdout-positive-073,retired,generated_or_unbound_v2_case,v3.15_lineage_review
independent-holdout-positive-074,retired,generated_or_unbound_v2_case,v3.15_lineage_review
independent-holdout-positive-075,retired,generated_or_unbound_v2_case,v3.15_lineage_review
independent-holdout-positive-076,retired,generated_or_unbound_v2_case,v3.15_lineage_review
independent-holdout-positive-077,retired,generated_or_unbound_v2_case,v3.15_lineage_review
independent-holdout-positive-078,retired,generated_or_unbound_v2_case,v3.15_lineage_review
independent-holdout-positive-079,retired,generated_or_unbound_v2_case,v3.15_lineage_review
independent-holdout-positive-080,retired,generated_or_unbound_v2_case,v3.15_lineage_review
independent-holdout-positive-081,retired,generated_or_unbound_v2_case,v3.15_lineage_review
independent-holdout-positive-083,retired,generated_or_unbound_v2_case,v3.15_lineage_review
independent-holdout-positive-084,retired,generated_or_unbound_v2_case,v3.15_lineage_review
independent-holdout-positive-085,retired,generated_or_unbound_v2_case,v3.15_lineage_review
independent-holdout-positive-087,retired,generated_or_unbound_v2_case,v3.15_lineage_review
independent-holdout-positive-088,retired,generated_or_unbound_v2_case,v3.15_lineage_review
independent-holdout-positive-089,retired,generated_or_unbound_v2_case,v3.15_lineage_review
independent-holdout-positive-090,retired,generated_or_unbound_v2_case,v3.15_lineage_review
independent-holdout-positive-091,retired,generated_or_unbound_v2_case,v3.15_lineage_review
independent-holdout-positive-092,retired,generated_or_unbound_v2_case,v3.15_lineage_review
independent-holdout-positive-093,retired,generated_or_unbound_v2_case,v3.15_lineage_review
independent-holdout-positive-094,retired,generated_or_unbound_v2_case,v3.15_lineage_review
independent-holdout-positive-097,retired,generated_or_unbound_v2_case,v3.15_lineage_review
independent-holdout-positive-098,retired,generated_or_unbound_v2_case,v3.15_lineage_review
independent-holdout-positive-099,retired,generated_or_unbound_v2_case,v3.15_lineage_review
independent-holdout-positive-100,retired,generated_or_unbound_v2_case,v3.15_lineage_review
independent-holdout-positive-101,retired,generated_or_unbound_v2_case,v3.15_lineage_review
independent-holdout-positive-103,retired,generated_or_unbound_v2_case,v3.15_lineage_review
independent-holdout-positive-104,retired,generated_or_unbound_v2_case,v3.15_lineage_review
independent-holdout-positive-105,retired,generated_or_unbound_v2_case,v3.15_lineage_review
independent-holdout-positive-106,retired,generated_or_unbound_v2_case,v3.15_lineage_review
independent-holdout-positive-107,retired,generated_or_unbound_v2_case,v3.15_lineage_review
independent-holdout-positive-108,retired,generated_or_unbound_v2_case,v3.15_lineage_review
independent-holdout-positive-110,retired,generated_or_unbound_v2_case,v3.15_lineage_review
independent-holdout-positive-111,retired,generated_or_unbound_v2_case,v3.15_lineage_review
independent-holdout-positive-113,retired,generated_or_unbound_v2_case,v3.15_lineage_review
independent-holdout-positive-114,retired,generated_or_unbound_v2_case,v3.15_lineage_review
independent-holdout-positive-115,retired,generated_or_unbound_v2_case,v3.15_lineage_review
independent-holdout-positive-116,retired,generated_or_unbound_v2_case,v3.15_lineage_review
independent-holdout-positive-117,retired,generated_or_unbound_v2_case,v3.15_lineage_review
independent-holdout-positive-118,retired,generated_or_unbound_v2_case,v3.15_lineage_review
independent-holdout-positive-119,retired,generated_or_unbound_v2_case,v3.15_lineage_review
independent-holdout-positive-120,retired,generated_or_unbound_v2_case,v3.15_lineage_review
independent-holdout-positive-121,retired,generated_or_unbound_v2_case,v3.15_lineage_review
independent-holdout-positive-122,retired,generated_or_unbound_v2_case,v3.15_lineage_review
independent-holdout-positive-123,retired,generated_or_unbound_v2_case,v3.15_lineage_review
independent-holdout-positive-124,retired,generated_or_unbound_v2_case,v3.15_lineage_review
independent-holdout-positive-125,retired,generated_or_unbound_v2_case,v3.15_lineage_review
independent-holdout-positive-126,retired,generated_or_unbound_v2_case,v3.15_lineage_review
independent-holdout-positive-127,retired,generated_or_unbound_v2_case,v3.15_lineage_review
independent-holdout-positive-128,retired,generated_or_unbound_v2_case,v3.15_lineage_review
independent-holdout-positive-129,retired,generated_or_unbound_v2_case,v3.15_lineage_review
independent-holdout-positive-130,retired,generated_or_unbound_v2_case,v3.15_lineage_review
independent-holdout-positive-131,retired,generated_or_unbound_v2_case,v3.15_lineage_review
independent-holdout-positive-132,retired,generated_or_unbound_v2_case,v3.15_lineage_review
independent-holdout-positive-133,retired,generated_or_unbound_v2_case,v3.15_lineage_review
independent-holdout-positive-135,retired,generated_or_unbound_v2_case,v3.15_lineage_review
independent-holdout-positive-136,retired,generated_or_unbound_v2_case,v3.15_lineage_review
independent-holdout-positive-138,retired,generated_or_unbound_v2_case,v3.15_lineage_review
independent-holdout-positive-139,retired,generated_or_unbound_v2_case,v3.15_lineage_review
independent-holdout-positive-140,retired,generated_or_unbound_v2_case,v3.15_lineage_review
independent-holdout-positive-141,retired,generated_or_unbound_v2_case,v3.15_lineage_review
independent-holdout-positive-142,retired,generated_or_unbound_v2_case,v3.15_lineage_review
independent-holdout-positive-143,retired,generated_or_unbound_v2_case,v3.15_lineage_review
independent-holdout-positive-144,retired,generated_or_unbound_v2_case,v3.15_lineage_review
independent-holdout-positive-145,retired,generated_or_unbound_v2_case,v3.15_lineage_review
independent-holdout-positive-146,retired,generated_or_unbound_v2_case,v3.15_lineage_review
independent-holdout-positive-147,retired,generated_or_unbound_v2_case,v3.15_lineage_review
independent-holdout-positive-148,retired,generated_or_unbound_v2_case,v3.15_lineage_review
independent-holdout-positive-149,retired,generated_or_unbound_v2_case,v3.15_lineage_review
independent-holdout-positive-150,retired,generated_or_unbound_v2_case,v3.15_lineage_review
independent-holdout-positive-151,retired,generated_or_unbound_v2_case,v3.15_lineage_review
independent-holdout-positive-152,retired,generated_or_unbound_v2_case,v3.15_lineage_review
independent-holdout-positive-153,retired,generated_or_unbound_v2_case,v3.15_lineage_review
independent-holdout-positive-154,retired,generated_or_unbound_v2_case,v3.15_lineage_review
independent-holdout-positive-155,retired,generated_or_unbound_v2_case,v3.15_lineage_review
independent-holdout-positive-157,retired,generated_or_unbound_v2_case,v3.15_lineage_review
independent-holdout-positive-158,retired,generated_or_unbound_v2_case,v3.15_lineage_review
independent-holdout-positive-159,retired,generated_or_unbound_v2_case,v3.15_lineage_review
independent-holdout-positive-160,retired,generated_or_unbound_v2_case,v3.15_lineage_review
independent-holdout-positive-161,retired,generated_or_unbound_v2_case,v3.15_lineage_review
independent-holdout-positive-162,retired,generated_or_unbound_v2_case,v3.15_lineage_review
independent-holdout-positive-163,retired,generated_or_unbound_v2_case,v3.15_lineage_review
independent-holdout-positive-164,retired,generated_or_unbound_v2_case,v3.15_lineage_review
independent-holdout-positive-166,retired,generated_or_unbound_v2_case,v3.15_lineage_review
independent-holdout-positive-167,retired,generated_or_unbound_v2_case,v3.15_lineage_review
independent-holdout-positive-168,retired,generated_or_unbound_v2_case,v3.15_lineage_review
independent-holdout-positive-169,retired,generated_or_unbound_v2_case,v3.15_lineage_review
independent-holdout-positive-170,retired,generated_or_unbound_v2_case,v3.15_lineage_review
independent-holdout-positive-171,retired,generated_or_unbound_v2_case,v3.15_lineage_review
independent-holdout-positive-172,retired,generated_or_unbound_v2_case,v3.15_lineage_review
independent-holdout-positive-173,retired,generated_or_unbound_v2_case,v3.15_lineage_review
independent-holdout-positive-175,retired,generated_or_unbound_v2_case,v3.15_lineage_review
independent-holdout-positive-176,retired,generated_or_unbound_v2_case,v3.15_lineage_review
independent-holdout-positive-178,retired,generated_or_unbound_v2_case,v3.15_lineage_review
independent-holdout-positive-179,retired,generated_or_unbound_v2_case,v3.15_lineage_review
independent-holdout-positive-180,retired,generated_or_unbound_v2_case,v3.15_lineage_review
independent-holdout-positive-181,retired,generated_or_unbound_v2_case,v3.15_lineage_review
independent-holdout-positive-182,retired,generated_or_unbound_v2_case,v3.15_lineage_review
independent-holdout-positive-183,retired,generated_or_unbound_v2_case,v3.15_lineage_review
independent-holdout-positive-184,retired,generated_or_unbound_v2_case,v3.15_lineage_review
independent-holdout-positive-185,retired,generated_or_unbound_v2_case,v3.15_lineage_review
independent-holdout-positive-186,retired,generated_or_unbound_v2_case,v3.15_lineage_review
independent-holdout-positive-187,retired,generated_or_unbound_v2_case,v3.15_lineage_review
independent-holdout-positive-188,retired,generated_or_unbound_v2_case,v3.15_lineage_review
independent-holdout-positive-189,retired,generated_or_unbound_v2_case,v3.15_lineage_review
independent-holdout-positive-190,retired,generated_or_unbound_v2_case,v3.15_lineage_review
independent-holdout-positive-191,retired,generated_or_unbound_v2_case,v3.15_lineage_review
independent-holdout-positive-192,retired,generated_or_unbound_v2_case,v3.15_lineage_review
independent-holdout-positive-193,retired,generated_or_unbound_v2_case,v3.15_lineage_review
independent-holdout-positive-195,retired,generated_or_unbound_v2_case,v3.15_lineage_review
independent-holdout-positive-196,retired,generated_or_unbound_v2_case,v3.15_lineage_review
independent-holdout-positive-197,retired,generated_or_unbound_v2_case,v3.15_lineage_review
independent-holdout-positive-198,retired,generated_or_unbound_v2_case,v3.15_lineage_review
independent-holdout-positive-199,retired,generated_or_unbound_v2_case,v3.15_lineage_review
independent-holdout-positive-200,retired,generated_or_unbound_v2_case,v3.15_lineage_review
independent-holdout-positive-201,retired,generated_or_unbound_v2_case,v3.15_lineage_review
independent-holdout-positive-202,retired,generated_or_unbound_v2_case,v3.15_lineage_review
independent-holdout-positive-203,retired,generated_or_unbound_v2_case,v3.15_lineage_review
independent-holdout-positive-204,retired,generated_or_unbound_v2_case,v3.15_lineage_review
independent-holdout-positive-205,retired,generated_or_unbound_v2_case,v3.15_lineage_review
independent-holdout-positive-207,retired,generated_or_unbound_v2_case,v3.15_lineage_review
independent-holdout-positive-208,retired,generated_or_unbound_v2_case,v3.15_lineage_review
independent-holdout-positive-209,retired,generated_or_unbound_v2_case,v3.15_lineage_review
independent-holdout-positive-210,retired,generated_or_unbound_v2_case,v3.15_lineage_review
independent-holdout-positive-211,retired,generated_or_unbound_v2_case,v3.15_lineage_review
independent-holdout-positive-213,retired,generated_or_unbound_v2_case,v3.15_lineage_review
independent-holdout-positive-214,retired,generated_or_unbound_v2_case,v3.15_lineage_review
independent-holdout-positive-215,retired,generated_or_unbound_v2_case,v3.15_lineage_review
independent-holdout-positive-216,retired,generated_or_unbound_v2_case,v3.15_lineage_review
independent-holdout-positive-217,retired,generated_or_unbound_v2_case,v3.15_lineage_review
independent-holdout-positive-218,retired,generated_or_unbound_v2_case,v3.15_lineage_review
independent-holdout-positive-219,retired,generated_or_unbound_v2_case,v3.15_lineage_review
independent-holdout-positive-220,retired,generated_or_unbound_v2_case,v3.15_lineage_review
independent-holdout-positive-221,retired,generated_or_unbound_v2_case,v3.15_lineage_review
independent-holdout-positive-222,retired,generated_or_unbound_v2_case,v3.15_lineage_review
independent-holdout-positive-223,retired,generated_or_unbound_v2_case,v3.15_lineage_review
independent-holdout-positive-224,retired,generated_or_unbound_v2_case,v3.15_lineage_review
independent-holdout-positive-225,retired,generated_or_unbound_v2_case,v3.15_lineage_review
independent-holdout-positive-226,retired,generated_or_unbound_v2_case,v3.15_lineage_review
independent-holdout-positive-227,retired,generated_or_unbound_v2_case,v3.15_lineage_review
independent-holdout-positive-228,retired,generated_or_unbound_v2_case,v3.15_lineage_review
independent-holdout-positive-229,retired,generated_or_unbound_v2_case,v3.15_lineage_review
independent-holdout-positive-230,retired,generated_or_unbound_v2_case,v3.15_lineage_review
independent-holdout-positive-231,retired,generated_or_unbound_v2_case,v3.15_lineage_review
independent-holdout-positive-232,retired,generated_or_unbound_v2_case,v3.15_lineage_review
independent-holdout-positive-233,retired,generated_or_unbound_v2_case,v3.15_lineage_review
independent-holdout-positive-234,retired,generated_or_unbound_v2_case,v3.15_lineage_review
independent-holdout-positive-235,retired,generated_or_unbound_v2_case,v3.15_lineage_review
independent-holdout-positive-236,retired,generated_or_unbound_v2_case,v3.15_lineage_review
independent-holdout-positive-237,retired,generated_or_unbound_v2_case,v3.15_lineage_review
independent-holdout-positive-238,retired,generated_or_unbound_v2_case,v3.15_lineage_review
independent-holdout-positive-244,retired,generated_or_unbound_v2_case,v3.15_lineage_review
independent-holdout-positive-245,retired,generated_or_unbound_v2_case,v3.15_lineage_review
independent-holdout-positive-247,retired,generated_or_unbound_v2_case,v3.15_lineage_review
independent-holdout-positive-248,retired,generated_or_unbound_v2_case,v3.15_lineage_review
independent-holdout-positive-249,retired,generated_or_unbound_v2_case,v3.15_lineage_review
independent-holdout-positive-250,retired,generated_or_unbound_v2_case,v3.15_lineage_review
independent-holdout-positive-252,retired,generated_or_unbound_v2_case,v3.15_lineage_review
independent-holdout-positive-253,retired,generated_or_unbound_v2_case,v3.15_lineage_review
independent-holdout-positive-254,retired,generated_or_unbound_v2_case,v3.15_lineage_review
independent-holdout-positive-255,retired,generated_or_unbound_v2_case,v3.15_lineage_review
independent-holdout-positive-256,retired,generated_or_unbound_v2_case,v3.15_lineage_review
independent-holdout-positive-257,retired,generated_or_unbound_v2_case,v3.15_lineage_review
independent-holdout-positive-258,retired,generated_or_unbound_v2_case,v3.15_lineage_review
independent-holdout-positive-259,retired,generated_or_unbound_v2_case,v3.15_lineage_review
independent-holdout-positive-260,retired,generated_or_unbound_v2_case,v3.15_lineage_review
independent-holdout-positive-261,retired,generated_or_unbound_v2_case,v3.15_lineage_review
independent-holdout-positive-262,retired,generated_or_unbound_v2_case,v3.15_lineage_review
independent-holdout-positive-263,retired,generated_or_unbound_v2_case,v3.15_lineage_review
independent-holdout-positive-264,retired,generated_or_unbound_v2_case,v3.15_lineage_review
independent-holdout-positive-265,retired,generated_or_unbound_v2_case,v3.15_lineage_review
independent-holdout-positive-266,retired,generated_or_unbound_v2_case,v3.15_lineage_review
independent-holdout-positive-267,retired,generated_or_unbound_v2_case,v3.15_lineage_review
independent-holdout-positive-268,retired,generated_or_unbound_v2_case,v3.15_lineage_review
independent-holdout-positive-269,retired,generated_or_unbound_v2_case,v3.15_lineage_review
independent-holdout-positive-270,retired,generated_or_unbound_v2_case,v3.15_lineage_review
independent-holdout-positive-273,retired,generated_or_unbound_v2_case,v3.15_lineage_review
independent-holdout-positive-275,retired,generated_or_unbound_v2_case,v3.15_lineage_review
independent-holdout-positive-276,retired,generated_or_unbound_v2_case,v3.15_lineage_review
independent-holdout-positive-278,retired,generated_or_unbound_v2_case,v3.15_lineage_review
independent-holdout-positive-279,retired,generated_or_unbound_v2_case,v3.15_lineage_review
independent-holdout-positive-280,retired,generated_or_unbound_v2_case,v3.15_lineage_review
independent-holdout-positive-282,retired,generated_or_unbound_v2_case,v3.15_lineage_review
independent-holdout-positive-283,retired,generated_or_unbound_v2_case,v3.15_lineage_review
independent-holdout-positive-284,retired,generated_or_unbound_v2_case,v3.15_lineage_review
independent-holdout-positive-286,retired,generated_or_unbound_v2_case,v3.15_lineage_review
independent-holdout-positive-287,retired,generated_or_unbound_v2_case,v3.15_lineage_review
independent-holdout-positive-289,retired,generated_or_unbound_v2_case,v3.15_lineage_review
independent-holdout-positive-290,retired,generated_or_unbound_v2_case,v3.15_lineage_review
independent-holdout-positive-291,retired,generated_or_unbound_v2_case,v3.15_lineage_review
independent-holdout-positive-292,retired,generated_or_unbound_v2_case,v3.15_lineage_review
independent-holdout-positive-293,retired,generated_or_unbound_v2_case,v3.15_lineage_review
independent-holdout-positive-294,retired,generated_or_unbound_v2_case,v3.15_lineage_review
independent-holdout-positive-295,retired,generated_or_unbound_v2_case,v3.15_lineage_review
independent-holdout-positive-296,retired,generated_or_unbound_v2_case,v3.15_lineage_review
independent-holdout-positive-297,retired,generated_or_unbound_v2_case,v3.15_lineage_review
independent-holdout-positive-298,retired,generated_or_unbound_v2_case,v3.15_lineage_review
independent-holdout-positive-299,retired,generated_or_unbound_v2_case,v3.15_lineage_review
independent-holdout-positive-300,retired,generated_or_unbound_v2_case,v3.15_lineage_review
critical-negative-002,retired,generated_or_unbound_v2_case,v3.15_lineage_review
critical-negative-003,retired,generated_or_unbound_v2_case,v3.15_lineage_review
critical-negative-004,retired,generated_or_unbound_v2_case,v3.15_lineage_review
critical-negative-005,retired,generated_or_unbound_v2_case,v3.15_lineage_review
critical-negative-006,retired,generated_or_unbound_v2_case,v3.15_lineage_review
critical-negative-007,retired,generated_or_unbound_v2_case,v3.15_lineage_review
critical-negative-008,retired,generated_or_unbound_v2_case,v3.15_lineage_review
critical-negative-011,retired,generated_or_unbound_v2_case,v3.15_lineage_review
critical-negative-013,retired,generated_or_unbound_v2_case,v3.15_lineage_review
critical-negative-014,retired,generated_or_unbound_v2_case,v3.15_lineage_review
critical-negative-015,retired,generated_or_unbound_v2_case,v3.15_lineage_review
critical-negative-016,retired,generated_or_unbound_v2_case,v3.15_lineage_review
critical-negative-017,retired,generated_or_unbound_v2_case,v3.15_lineage_review
critical-negative-019,retired,generated_or_unbound_v2_case,v3.15_lineage_review
critical-negative-020,retired,generated_or_unbound_v2_case,v3.15_lineage_review
critical-negative-022,retired,generated_or_unbound_v2_case,v3.15_lineage_review
critical-negative-024,retired,generated_or_unbound_v2_case,v3.15_lineage_review
critical-negative-025,retired,generated_or_unbound_v2_case,v3.15_lineage_review
critical-negative-026,retired,generated_or_unbound_v2_case,v3.15_lineage_review
critical-negative-027,retired,generated_or_unbound_v2_case,v3.15_lineage_review
critical-negative-028,retired,generated_or_unbound_v2_case,v3.15_lineage_review
critical-negative-029,retired,generated_or_unbound_v2_case,v3.15_lineage_review
critical-negative-030,retired,generated_or_unbound_v2_case,v3.15_lineage_review
critical-negative-031,retired,generated_or_unbound_v2_case,v3.15_lineage_review
critical-negative-032,retired,generated_or_unbound_v2_case,v3.15_lineage_review
critical-negative-033,retired,generated_or_unbound_v2_case,v3.15_lineage_review
critical-negative-034,retired,generated_or_unbound_v2_case,v3.15_lineage_review
critical-negative-035,retired,generated_or_unbound_v2_case,v3.15_lineage_review
critical-negative-041,retired,generated_or_unbound_v2_case,v3.15_lineage_review
critical-negative-043,retired,generated_or_unbound_v2_case,v3.15_lineage_review
critical-negative-044,retired,generated_or_unbound_v2_case,v3.15_lineage_review
critical-negative-045,retired,generated_or_unbound_v2_case,v3.15_lineage_review
critical-negative-047,retired,generated_or_unbound_v2_case,v3.15_lineage_review
critical-negative-048,retired,generated_or_unbound_v2_case,v3.15_lineage_review
critical-negative-049,retired,generated_or_unbound_v2_case,v3.15_lineage_review
critical-negative-050,retired,generated_or_unbound_v2_case,v3.15_lineage_review
critical-negative-051,retired,generated_or_unbound_v2_case,v3.15_lineage_review
critical-negative-052,retired,generated_or_unbound_v2_case,v3.15_lineage_review
critical-negative-053,retired,generated_or_unbound_v2_case,v3.15_lineage_review
critical-negative-054,retired,generated_or_unbound_v2_case,v3.15_lineage_review
critical-negative-055,retired,generated_or_unbound_v2_case,v3.15_lineage_review
critical-negative-057,retired,generated_or_unbound_v2_case,v3.15_lineage_review
critical-negative-058,retired,generated_or_unbound_v2_case,v3.15_lineage_review
critical-negative-059,retired,generated_or_unbound_v2_case,v3.15_lineage_review
critical-negative-061,retired,generated_or_unbound_v2_case,v3.15_lineage_review
critical-negative-062,retired,generated_or_unbound_v2_case,v3.15_lineage_review
critical-negative-065,retired,generated_or_unbound_v2_case,v3.15_lineage_review
critical-negative-069,retired,generated_or_unbound_v2_case,v3.15_lineage_review
critical-negative-070,retired,generated_or_unbound_v2_case,v3.15_lineage_review
critical-negative-071,retired,generated_or_unbound_v2_case,v3.15_lineage_review
critical-negative-072,retired,generated_or_unbound_v2_case,v3.15_lineage_review
critical-negative-073,retired,generated_or_unbound_v2_case,v3.15_lineage_review
critical-negative-077,retired,generated_or_unbound_v2_case,v3.15_lineage_review
critical-negative-078,retired,generated_or_unbound_v2_case,v3.15_lineage_review
critical-negative-079,retired,generated_or_unbound_v2_case,v3.15_lineage_review
critical-negative-082,retired,generated_or_unbound_v2_case,v3.15_lineage_review
critical-negative-083,retired,generated_or_unbound_v2_case,v3.15_lineage_review
critical-negative-085,retired,generated_or_unbound_v2_case,v3.15_lineage_review
critical-negative-087,retired,generated_or_unbound_v2_case,v3.15_lineage_review
critical-negative-088,retired,generated_or_unbound_v2_case,v3.15_lineage_review
critical-negative-089,retired,generated_or_unbound_v2_case,v3.15_lineage_review
critical-negative-090,retired,generated_or_unbound_v2_case,v3.15_lineage_review
critical-negative-092,retired,generated_or_unbound_v2_case,v3.15_lineage_review
critical-negative-093,retired,generated_or_unbound_v2_case,v3.15_lineage_review
critical-negative-094,retired,generated_or_unbound_v2_case,v3.15_lineage_review
critical-negative-095,retired,generated_or_unbound_v2_case,v3.15_lineage_review
critical-negative-096,retired,generated_or_unbound_v2_case,v3.15_lineage_review
critical-negative-098,retired,generated_or_unbound_v2_case,v3.15_lineage_review
critical-negative-099,retired,generated_or_unbound_v2_case,v3.15_lineage_review
critical-negative-100,retired,generated_or_unbound_v2_case,v3.15_lineage_review
critical-negative-102,retired,generated_or_unbound_v2_case,v3.15_lineage_review
critical-negative-103,retired,generated_or_unbound_v2_case,v3.15_lineage_review
critical-negative-104,retired,generated_or_unbound_v2_case,v3.15_lineage_review
critical-negative-105,retired,generated_or_unbound_v2_case,v3.15_lineage_review
critical-negative-107,retired,generated_or_unbound_v2_case,v3.15_lineage_review
critical-negative-108,retired,generated_or_unbound_v2_case,v3.15_lineage_review
critical-negative-109,retired,generated_or_unbound_v2_case,v3.15_lineage_review
critical-negative-110,retired,generated_or_unbound_v2_case,v3.15_lineage_review
critical-negative-111,retired,generated_or_unbound_v2_case,v3.15_lineage_review
critical-negative-112,retired,generated_or_unbound_v2_case,v3.15_lineage_review
critical-negative-113,retired,generated_or_unbound_v2_case,v3.15_lineage_review
critical-negative-114,retired,generated_or_unbound_v2_case,v3.15_lineage_review
critical-negative-115,retired,generated_or_unbound_v2_case,v3.15_lineage_review
critical-negative-117,retired,generated_or_unbound_v2_case,v3.15_lineage_review
critical-negative-118,retired,generated_or_unbound_v2_case,v3.15_lineage_review
critical-negative-119,retired,generated_or_unbound_v2_case,v3.15_lineage_review
critical-negative-120,retired,generated_or_unbound_v2_case,v3.15_lineage_review
critical-negative-121,retired,generated_or_unbound_v2_case,v3.15_lineage_review
critical-negative-123,retired,generated_or_unbound_v2_case,v3.15_lineage_review
critical-negative-124,retired,generated_or_unbound_v2_case,v3.15_lineage_review
critical-negative-125,retired,generated_or_unbound_v2_case,v3.15_lineage_review
critical-negative-129,retired,generated_or_unbound_v2_case,v3.15_lineage_review
critical-negative-132,retired,generated_or_unbound_v2_case,v3.15_lineage_review
critical-negative-139,retired,generated_or_unbound_v2_case,v3.15_lineage_review
critical-negative-140,retired,generated_or_unbound_v2_case,v3.15_lineage_review
critical-negative-143,retired,generated_or_unbound_v2_case,v3.15_lineage_review
critical-negative-144,retired,generated_or_unbound_v2_case,v3.15_lineage_review
critical-negative-salsa-wrong-owner-evidence,retired,generated_or_unbound_v2_case,v3.15_lineage_review
critical-denied-rule-27,retired,generated_or_unbound_v2_case,v3.15_lineage_review
critical-denied-rule-71,retired,generated_or_unbound_v2_case,v3.15_lineage_review
critical-denied-rule-98,retired,generated_or_unbound_v2_case,v3.15_lineage_review
