case_id,review_key,owner_fingerprint,connector,metadata_schema_version,provider_ref,title_hash,normalized_local_label,evidence_allowed,source_citation,reviewer
v313-pos-038,c4af63df4677601d32ff28e92448ca568a51f81dd684e07933921970782ff440,3a779d8a03cab73ba53ef21fab1b4ee5b4e8101feb14bcb6bebfff5cef69b4da,cookidoo,ingredient-topology-v1,com.vorwerk.ingredients.Ingredient-rpf-259,885e64fbba0a02fe96ca2e9b7a1cd9832aa11aacc9a31168e1dcb338e9572132,chopped spring onions,1,frozen provider-pilot recipe_source_ingredients.id=2171,operator-corrective-review-v3
v313-pos-039,aef9e8f5ecd455fa1435c993a7b52cf66d6b3bafdeeeef94eee4e22b0f1327ed,6a31a3cd3d54cc3f295d3b0777ec0ea3b7310c85d81a9fca3f4562bd26ed1a8e,cookidoo,ingredient-topology-v1,com.vorwerk.ingredients.Ingredient-rpf-1002,ab45e8474269b026f668d49860b36850122e18a50d5ea38f3fefdae08261865c,fresh blueberries,1,frozen provider-pilot recipe_source_ingredients.id=1447,operator-corrective-review-v3
v313-pos-040,b209964155ff9ab925c5819746bdc116432477e6d0badbb4a7a828bf25a83240,813fc678bfa1fb19627676d9563ee79acf8c458697eb307cdd60340367d7f0ab,cookidoo,ingredient-topology-v1,com.vorwerk.ingredients.Ingredient-rpf-30,5ed728c2fa5d767bc6c1ec6a732db1e37c343be46913e6498d340f7782691f14,fresh tomatoes,1,frozen provider-pilot recipe_source_ingredients.id=410,operator-corrective-review-v3
v313-pos-041,1d9c74b47a74a1a32508a62024ea50cbe7ab984a8a66a6c24a9181b71f71c1e0,59119a58b23b8118f994701055f86ff7cd176edcffcec127879eb568f1fa0923,cookidoo,ingredient-topology-v1,com.vorwerk.ingredients.Ingredient-rpf-60,7a27b49d802e7afe175331b6fb35e946fbab6849f7e48bd4c184177750fe9cc3,freshly squeezed lime juice,1,frozen provider-pilot recipe_source_ingredients.id=1530,operator-corrective-review-v3
v313-pos-042,81025a637496d36e46986403c4e8c9b5d0e9551b8aa95083362268c61da48ec4,f6acb586e8aab800a47951863d38dd77a8dfe25f2cf8aad01a6b42323c20a62b,cookidoo,ingredient-topology-v1,com.vorwerk.ingredients.Ingredient-rpf-9,cc767fb1c6efc232caf9dd1f6e853d853b58ddd2c058c8820320e69d755c18fb,granulated sugar,1,frozen provider-pilot recipe_source_ingredients.id=373,operator-corrective-review-v3
v313-pos-043,9c56e769ad11c17f7ce8bf685d375f77ffdaffe8eef21b864ba1ca4c5c6dbaf6,7c815b470e66f336c4911f84231fc9d35a02b30bf9785ef1a8bf6e09b1b1712e,cookidoo,ingredient-topology-v1,com.vorwerk.ingredients.Ingredient-rpf-2765,67aa6b6c143c668356e0bf2568c44deafba7758bc84b5d53372d41cab0d5fa98,ground paprika,1,frozen provider-pilot recipe_source_ingredients.id=1772,operator-corrective-review-v3
v313-pos-044,39354be090ba9d091439527fa66510150e198d87408f5d34cc15dad672b66cfb,3693ba61faa05c792e30ac2008bc6385ce388aa235831b378074ab2ab96af3b1,cookidoo,ingredient-topology-v1,com.vorwerk.ingredients.Ingredient-rpf-256,eb31a331ca00003eaf7da5003795d7dd0a6b88438dbeecc3c74f78a9a1cb87dc,large red onions,1,frozen provider-pilot recipe_source_ingredients.id=2999,operator-corrective-review-v3
v313-pos-045,6ad4571a44533196448d93c2497a199a9a3f158ea634eff6742ce49c1d42c332,6afa840bf9a263e890a23ed85e87bbc8a6fe392cbe88a3866635813b305d1316,cookidoo,ingredient-topology-v1,com.vorwerk.ingredients.Ingredient-rpf-224,b5508392157fa1c40dcab78b7a43b66ece775fd4bbb6e04a1b426db2d42310d7,low moisture mozzarella,1,frozen provider-pilot recipe_source_ingredients.id=2397,operator-corrective-review-v3
v313-pos-046,c6e7bd0ffda4f754648d95240feb559ccc7e233318d3ffbec4092355d35f1b47,fb8d2a9dd65bd910c22db977d7de0dfd62a3087785a553f4da61051263b0f4c5,cookidoo,ingredient-topology-v1,com.vorwerk.ingredients.Ingredient-rpf-1450,62d74ac3c5bcc094610be12c34f0878e4267ed6b95b5c0f5ed142681b2d90db9,rice wine vinegar unseasoned,1,frozen provider-pilot recipe_source_ingredients.id=483,operator-corrective-review-v3
v313-pos-047,3e5b074c2990709a9f62a927580274bbc04fd9e377e788f9b95c1fe86ee68c6c,b6049cd34324c3c654e82b39609eb19014ec6572aacd6c305afdb5c542c5d37a,cookidoo,ingredient-topology-v1,com.vorwerk.ingredients.Ingredient-rpf-82,a55e2e3846a51f6ad0abfdfbdea2ba0e5e0c76b5ccfa8a920895fedeae89a8b6,runny honey,1,frozen provider-pilot recipe_source_ingredients.id=1704,operator-corrective-review-v3
v313-pos-048,dae9d1d4864ec5116fe7a195bd41bdc7e2b147a944a45a1f8e7d39bb1ab83297,d7b24b48dbc8e7636ef130f84ca111cfa5b3909141c568b9b162a10fb9de743e,cookidoo,ingredient-topology-v1,com.vorwerk.ingredients.Ingredient-rpf-63,330ef099cde2127854ca50b5747c77b7f5b0d909e97c3a969c06b907f84b6e71,shaved parmesan cheese,1,frozen provider-pilot recipe_source_ingredients.id=3062,operator-corrective-review-v3
v313-pos-049,29ed5a4e51fe17979f3eee678a182a1acf52a2c3c88a72dee43a14d97cd53b83,ee518ac957f53e360b40a7974766fd8cea3dafa67cf54390f2cefb1dfcd3497a,cookidoo,ingredient-topology-v1,com.vorwerk.ingredients.Ingredient-rpf-254,811eb81b9d11d65a36c53c3ebdb738ee303403cb79d781ccf4b40764e0a9d12a,uncooked whole chicken,1,frozen provider-pilot recipe_source_ingredients.id=906,operator-corrective-review-v3
v313-pos-050,d3719bd88c3bcd217f2c5ae60531f245bc14ea5ec14a8e7a9738fb61128a6d76,97a58373a0927d1eecf2a0709c7d3ccfcb8843035233d8261cc3ae84c4f042a1,cookidoo,ingredient-topology-v1,com.vorwerk.ingredients.Ingredient-rpf-7,209f76418ece7c936b65ff4777a578d860f762c37ad6c7f08f5826242199ef51,white rice,1,frozen provider-pilot recipe_source_ingredients.id=409,operator-corrective-review-v3
v313-pos-051,e4e8ea11463a6d65edf2f188a033573bd6768dea4973be5bca7ca6de284647f1,0ac5a4b7760ae8d8717b97a27f57106a99ff8629945a3a64c7a201c4789c4760,cookidoo,ingredient-topology-v1,com.vorwerk.ingredients.Ingredient-rpf-314,33489e83683cb827ea1372996f80c4b0bf4ce77f6e990ea1c8504026de27c7fa,białego octu winnego,1,frozen provider-pilot recipe_source_ingredients.id=745,operator-corrective-review-v3
v313-pos-052,6649698a28cb1f70d896865b4e3f479abfd607d33c03efce8962144e1d1aaea8,54fb4e72e9f86551688698ce33691643d3db7f48d839708e03feb5fbf9e927af,cookidoo,ingredient-topology-v1,com.vorwerk.ingredients.Ingredient-rpf-33,9f65e7fcdfcbeecd7e432bf3b24c678c05db722a5b29989be5f93b339bc86326,salsa,1,frozen provider-pilot recipe_source_ingredients.id=569,operator-corrective-review-v3
v313-neg-011,6649698a28cb1f70d896865b4e3f479abfd607d33c03efce8962144e1d1aaea8,68aed1ef5dda413e937d18d741b19e8f07bbcdefece34990b6558f0618632a85,cookidoo,ingredient-topology-v1,com.vorwerk.ingredients.Ingredient-rpf-33,9f65e7fcdfcbeecd7e432bf3b24c678c05db722a5b29989be5f93b339bc86326,salsa,0,frozen provider-pilot unrelated water owner recipe_source_ingredients.id=81,operator-corrective-review-v3
v313-neg-012,3b61188487a1c2f34eba02d0169cb5884c68987d706d40149da1a3a7784ccf13,a56c0557573af0e98a61665be405632ab7fb3ed43237f6cd550aacb445d5225b,cookidoo,ingredient-topology-v1,com.vorwerk.ingredients.Ingredient-rpf-259,885e64fbba0a02fe96ca2e9b7a1cd9832aa11aacc9a31168e1dcb338e9572132,spring onions shallots,1,frozen provider-pilot recipe_source_ingredients.id=1731,operator-corrective-review-v3
