normalized_label,label,language,required_cohort,prior_entity_slugs,prior_mechanisms,prior_occurrences,decision,disposition_code,entity_slug,attributes_json,reviewer,review_batch,rationale,source_citation
almond flour,Almond Flour,en,,flour,attribute_alias,36,retain,D2,flour,"{""form"":""flour"",""variety"":""almond""}",operator-corrective-review-v3,full-ontology-resolution-v3,Almond flour is flour with reviewed almond variety; both facets are permitted and defining,corrective-v3.13 culinary identity adjudication
baking powder,Baking powder,en,,baking-powder,attribute_alias,1058,retain,D1,baking-powder,{},operator-corrective-review-v3,full-ontology-resolution-v3,Powder is inherent in the baking-powder prepared identity and is not duplicated as a form facet,corrective-v3.13 culinary identity adjudication
coconut milk,Coconut milk,und,,coconut-milk,exact_alias,361,retain,D1,coconut-milk,{},operator-corrective-review-v3,full-ontology-resolution-v3,Coconut is inherent in the coconut-milk base identity and is not duplicated as a variety facet,corrective-v3.13 culinary identity adjudication
corn starch,Corn starch,und,,corn-starch,exact_alias,135,retarget,D1,cornstarch,{},operator-corrective-review-v3,full-ontology-resolution-v3,Corn is inherent in the canonical cornstarch identity and is not duplicated as a variety facet,corrective-v3.13 duplicate identity adjudication
freshly squeezed lemon juice,freshly squeezed lemon juice,en,,lemon-juice,exact_alias,427,retain,D2,lemon-juice,"{""state"":""fresh""}",operator-corrective-review-v3,full-ontology-resolution-v3,Freshly squeezed lemon juice preserves the defining reviewed fresh state,corrective-v3.13 culinary state adjudication
half and half,Half and half,und,,half-and-half,exact_alias,10,retarget,D2,cream,"{""cream_class"":""half_and_half""}",operator-corrective-review-v3,full-ontology-resolution-v3,Half and half is cream with a defining cream class rather than a separate base identity,corrective-v3.13 culinary identity adjudication
pimenta,pimenta,pt,pt,pepper,exact_alias,803,demote,D4,,{},operator-corrective-review-v3,full-ontology-resolution-v3,Bare Portuguese pimenta is Capsicum/Piper ambiguous without a more specific phrase or owner evidence,corrective-v3.13 Portuguese homograph adjudication
tomato sauce,Tomato sauce,und,,tomato-sauce,exact_alias,78,retain,D1,tomato-sauce,{},operator-corrective-review-v3,full-ontology-resolution-v3,Tomato is inherent in the reviewed prepared tomato-sauce identity and is not duplicated as a variety facet,corrective-v3.13 prepared identity adjudication
white chocolate,White chocolate,und,,white-chocolate,exact_alias,135,retarget,D2,chocolate,"{""chocolate_class"":""white""}",operator-corrective-review-v3,full-ontology-resolution-v3,White chocolate is chocolate with a defining chocolate class rather than a separate base identity,corrective-v3.13 culinary identity adjudication
whole milk,whole milk,en,,milk,attribute_alias,643,retain,D2,milk,"{""fat_content"":""whole""}",operator-corrective-review-v3,full-ontology-resolution-v3,Whole describes milk fat class here and is not a physical whole-form facet,corrective-v3.13 dairy facet adjudication
d origan séché,d origan séché,und,,oregano,attribute_alias,31,retain,D2,oregano,"{""processing"":""dried""}",operator-corrective-review-v3,full-ontology-resolution-v3,Dried is an explicit defining preservation state in this reviewed French oregano label,corrective-v3.14 transition facet review
de cilantro fresco,de cilantro fresco,und,,coriander,attribute_alias,54,retain,D2,coriander,"{""state"":""fresh""}",operator-corrective-review-v3,full-ontology-resolution-v3,Fresh is explicit in this reviewed Spanish cilantro label,corrective-v3.14 transition facet review
de la coriandre fraîche,de la coriandre fraîche,und,,coriander,attribute_alias,2,retain,D2,coriander,"{""state"":""fresh""}",operator-corrective-review-v3,full-ontology-resolution-v3,Fresh is explicit in this reviewed French coriander label,corrective-v3.14 transition facet review
de orégano seco,de orégano seco,und,,oregano,attribute_alias,125,retain,D2,oregano,"{""processing"":""dried""}",operator-corrective-review-v3,full-ontology-resolution-v3,Dried is explicit in this reviewed Spanish oregano label,corrective-v3.14 transition facet review
de perejil fresco,de perejil fresco,und,,parsley,attribute_alias,133,retain,D2,parsley,"{""state"":""fresh""}",operator-corrective-review-v3,full-ontology-resolution-v3,Fresh is explicit in this reviewed Spanish parsley label,corrective-v3.14 transition facet review
de persil séché,de persil séché,und,,parsley,attribute_alias,3,retain,D2,parsley,"{""processing"":""dried""}",operator-corrective-review-v3,full-ontology-resolution-v3,Dried is explicit in this reviewed French parsley label,corrective-v3.14 transition facet review
de pimienta blanca molida,de pimienta blanca molida,und,,pepper,attribute_alias,36,retarget,D2,piper-pepper,"{""form"":""ground"",""variety"":""white""}",operator-corrective-review-v3,full-ontology-resolution-v3,Ground form and white Piper variety are explicit in the reviewed Spanish label,corrective-v3.14 transition facet review
de pimienta negra molida,de pimienta negra molida,und,,pepper,attribute_alias,286,retarget,D2,piper-pepper,"{""form"":""ground"",""variety"":""black""}",operator-corrective-review-v3,full-ontology-resolution-v3,Ground form and black Piper variety are explicit in the reviewed Spanish label,corrective-v3.14 transition facet review
de poivre blanc moulu,de poivre blanc moulu,und,,pepper,attribute_alias,137,retarget,D2,piper-pepper,"{""form"":""ground"",""variety"":""white""}",operator-corrective-review-v3,full-ontology-resolution-v3,Ground form and white Piper variety are explicit in the reviewed French label,corrective-v3.14 transition facet review
de poivre noir moulu,de poivre noir moulu,und,,pepper,attribute_alias,298,retarget,D2,piper-pepper,"{""form"":""ground"",""variety"":""black""}",operator-corrective-review-v3,full-ontology-resolution-v3,Ground form and black Piper variety are explicit in the reviewed French label,corrective-v3.14 transition facet review
di lievito di birra fresco,di lievito di birra fresco,und,,yeast,attribute_alias,222,retain,D2,yeast,"{""state"":""fresh""}",operator-corrective-review-v3,full-ontology-resolution-v3,Fresh is explicit in this reviewed Italian yeast label,corrective-v3.14 transition facet review
di origano secco,di origano secco,und,,oregano,attribute_alias,93,retain,D2,oregano,"{""processing"":""dried""}",operator-corrective-review-v3,full-ontology-resolution-v3,Dried is explicit in this reviewed Italian oregano label,corrective-v3.14 transition facet review
di pepe bianco macinato,di pepe bianco macinato,und,,pepper,attribute_alias,71,retarget,D2,piper-pepper,"{""form"":""ground"",""variety"":""white""}",operator-corrective-review-v3,full-ontology-resolution-v3,Ground form and white Piper variety are explicit in the reviewed Italian label,corrective-v3.14 transition facet review
di pepe nero,di pepe nero,und,,pepper,attribute_alias,3,retarget,D2,piper-pepper,"{""variety"":""black""}",operator-corrective-review-v3,full-ontology-resolution-v3,Black Piper variety is explicit in the reviewed Italian label,corrective-v3.14 transition facet review
di prezzemolo fresco,di prezzemolo fresco,und,,parsley,attribute_alias,157,retain,D2,parsley,"{""state"":""fresh""}",operator-corrective-review-v3,full-ontology-resolution-v3,Fresh is explicit in this reviewed Italian parsley label,corrective-v3.14 transition facet review
du persil frais,du persil frais,und,,parsley,attribute_alias,2,retain,D2,parsley,"{""state"":""fresh""}",operator-corrective-review-v3,full-ontology-resolution-v3,Fresh is explicit in this reviewed French parsley label,corrective-v3.14 transition facet review
du poivre noir moulu,du poivre noir moulu,und,,pepper,attribute_alias,4,retarget,D2,piper-pepper,"{""form"":""ground"",""variety"":""black""}",operator-corrective-review-v3,full-ontology-resolution-v3,Ground form and black Piper variety are explicit in the reviewed French label,corrective-v3.14 transition facet review
de l huile d olive,de l huile d olive,und,,oil,attribute_alias,5,retain,D2,oil,"{""variety"":""olive""}",operator-corrective-review-v3,full-ontology-resolution-v3,Olive variety is explicit in the reviewed French oil label,corrective-v3.14 transition facet review
