case_id,polarity,source_corpus,source_record_key,original_label,language,resolver_context_json,expected_status,expected_entity_slug,expected_attributes_json,expected_evidence_json,evidence_category,primary_evidence_citation,rationale,adjudicator,adjudicated_at
v313-pos-001,positive,frozen_eval_recipe_ingredient,eval-ri-105,water,en,{},accepted,water,{},"{""mapping_source"":""exact_alias""}",culinary_identity,frozen eval recipe_ingredients.id=105 plus independent culinary adjudication,The label names water directly and carries no defining modifier.,operator-corrective-review-v3,2026-08-11
v313-pos-002,positive,frozen_eval_recipe_ingredient,eval-ri-94,sea salt,en,{},accepted,salt,"{""salt_class"":""sea""}","{""mapping_source"":""attribute_alias""}",culinary_identity,frozen eval recipe_ingredients.id=94 plus independent culinary adjudication,Sea identifies a defining salt class while the base remains salt.,operator-corrective-review-v3,2026-08-11
v313-pos-003,positive,frozen_eval_recipe_ingredient,eval-ri-89,ground black pepper,en,{},accepted,piper-pepper,"{""form"":""ground"",""variety"":""black""}","{""mapping_source"":""attribute_alias""}",culinary_identity,frozen eval recipe_ingredients.id=89 plus independent culinary adjudication,Ground black pepper is Piper pepper with exact ground and black facets.,operator-corrective-review-v3,2026-08-11
v313-pos-004,positive,frozen_eval_recipe_ingredient,eval-ri-93,red capsicum,en,{},accepted,bell-pepper,"{""variety"":""red""}","{""mapping_source"":""attribute_alias""}",culinary_identity,frozen eval recipe_ingredients.id=93 plus independent culinary adjudication,Red capsicum denotes red bell pepper and must never resolve to Piper pepper.,operator-corrective-review-v3,2026-08-11
v313-pos-005,positive,frozen_eval_recipe_ingredient,eval-ri-1938,cardamom pods,en,{},accepted,cardamom,"{""form"":""pod""}","{""mapping_source"":""attribute_alias""}",culinary_identity,frozen eval recipe_ingredients.id=1938 plus independent culinary adjudication,Pods describe cardamom form and do not imply coffee-pod identity.,operator-corrective-review-v3,2026-08-11
v313-pos-006,positive,frozen_eval_recipe_ingredient,eval-ri-88149,vanilla pods,en,{},accepted,vanilla,"{""form"":""pod""}","{""mapping_source"":""attribute_alias""}",culinary_identity,frozen eval recipe_ingredients.id=88149 plus independent culinary adjudication,Plural vanilla pods retain vanilla identity with pod form.,operator-corrective-review-v3,2026-08-11
v313-pos-007,positive,frozen_eval_recipe_ingredient,eval-ri-899,olive oil,en,{},accepted,oil,"{""variety"":""olive""}","{""mapping_source"":""attribute_alias""}",culinary_identity,frozen eval recipe_ingredients.id=899 plus independent culinary adjudication,Olive is the defining oil variety; the mapping is not to olive fruit.,operator-corrective-review-v3,2026-08-11
v313-pos-008,positive,frozen_eval_recipe_ingredient,eval-ri-2868,peanut oil,en,{},accepted,oil,"{""variety"":""peanut""}","{""mapping_source"":""attribute_alias""}",culinary_identity,frozen eval recipe_ingredients.id=2868 plus independent culinary adjudication,Peanut modifies the oil variety and must not satisfy peanut identity.,operator-corrective-review-v3,2026-08-11
v313-pos-009,positive,frozen_eval_recipe_ingredient,eval-ri-5876,groundnut oil,en,{},accepted,oil,"{""variety"":""peanut""}","{""mapping_source"":""attribute_alias""}",culinary_identity,frozen eval recipe_ingredients.id=5876 plus independent culinary adjudication,Groundnut is a reviewed culinary synonym for peanut oil.,operator-corrective-review-v3,2026-08-11
v313-pos-010,positive,adjudicated_culinary_reference,culinary-arachis-oil-v1,arachis oil,en,{},accepted,oil,"{""variety"":""peanut""}","{""mapping_source"":""attribute_alias""}",culinary_identity,culinary identity: Arachis hypogaea oil,Arachis identifies peanut as the oil source without changing the oil base.,operator-corrective-review-v3,2026-08-11
v313-pos-011,positive,frozen_eval_recipe_ingredient,eval-ri-4923,rice flour,en,{},accepted,flour,"{""form"":""flour"",""variety"":""rice""}","{""mapping_source"":""attribute_alias""}",culinary_identity,frozen eval recipe_ingredients.id=4923 plus independent culinary adjudication,Rice flour is flour with rice variety and never bare rice.,operator-corrective-review-v3,2026-08-11
v313-pos-012,positive,frozen_eval_recipe_ingredient,eval-ri-17265,almond flour,en,{},accepted,flour,"{""form"":""flour"",""variety"":""almond""}","{""mapping_source"":""attribute_alias""}",culinary_identity,frozen eval recipe_ingredients.id=17265 plus independent culinary adjudication,Almond flour keeps flour as the base and almond as a defining variety.,operator-corrective-review-v3,2026-08-11
v313-pos-013,positive,frozen_eval_recipe_ingredient,eval-ri-1700,rice wine vinegar,en,{},accepted,vinegar,"{""variety"":""rice""}","{""mapping_source"":""attribute_alias""}",culinary_identity,frozen eval recipe_ingredients.id=1700 plus independent culinary adjudication,Rice wine vinegar is vinegar of rice variety rather than rice or wine identity.,operator-corrective-review-v3,2026-08-11
v313-pos-014,positive,frozen_eval_recipe_ingredient,eval-ri-17781,rice milk,en,{},accepted,milk-alternative,"{""variety"":""rice""}","{""mapping_source"":""attribute_alias""}",culinary_identity,frozen eval recipe_ingredients.id=17781 plus independent culinary adjudication,Rice milk is a rice-variety milk alternative and not dairy milk or rice grain.,operator-corrective-review-v3,2026-08-11
v313-pos-015,positive,frozen_eval_recipe_ingredient,eval-ri-28840,hazelnut milk,en,{},accepted,milk-alternative,"{""variety"":""hazelnut""}","{""mapping_source"":""attribute_alias""}",culinary_identity,frozen eval recipe_ingredients.id=28840 plus independent culinary adjudication,Hazelnut milk is a hazelnut-variety milk alternative and not dairy milk.,operator-corrective-review-v3,2026-08-11
v313-pos-016,positive,frozen_eval_recipe_ingredient,eval-ri-3204,rice vermicelli,en,{},accepted,noodle,"{""form"":""noodle"",""variety"":""rice""}","{""mapping_source"":""attribute_alias""}",culinary_identity,frozen eval recipe_ingredients.id=3204 plus independent culinary adjudication,Rice vermicelli is a noodle form with rice variety and not bare rice.,operator-corrective-review-v3,2026-08-11
v313-pos-017,positive,frozen_eval_recipe_ingredient,eval-ri-4419,whole milk,en,{},accepted,milk,"{""fat_content"":""whole""}","{""mapping_source"":""attribute_alias""}",culinary_identity,frozen eval recipe_ingredients.id=4419 plus independent culinary adjudication,Whole describes milk fat content here and not a physical whole form.,operator-corrective-review-v3,2026-08-11
v313-pos-018,positive,frozen_eval_recipe_ingredient,eval-ri-4661,half and half,en,{},accepted,cream,"{""cream_class"":""half_and_half""}","{""mapping_source"":""attribute_alias""}",culinary_identity,frozen eval recipe_ingredients.id=4661 plus independent culinary adjudication,Half and half is cream with a defining cream class rather than a separate base.,operator-corrective-review-v3,2026-08-11
v313-pos-019,positive,frozen_eval_recipe_ingredient,eval-ri-4620,white chocolate,en,{},accepted,chocolate,"{""chocolate_class"":""white""}","{""mapping_source"":""attribute_alias""}",culinary_identity,frozen eval recipe_ingredients.id=4620 plus independent culinary adjudication,White chocolate is represented by chocolate plus its defining class.,operator-corrective-review-v3,2026-08-11
v313-pos-020,positive,frozen_eval_recipe_ingredient,eval-ri-1144,coconut milk,en,{},accepted,coconut-milk,{},"{""mapping_source"":""exact_alias""}",culinary_identity,frozen eval recipe_ingredients.id=1144 plus independent culinary adjudication,Coconut is inherent in the coconut-milk identity and is not duplicated as a variety.,operator-corrective-review-v3,2026-08-11
v313-pos-021,positive,frozen_eval_recipe_ingredient,eval-ri-1760,baking powder,en,{},accepted,baking-powder,{},"{""mapping_source"":""exact_alias""}",culinary_identity,frozen eval recipe_ingredients.id=1760 plus independent culinary adjudication,Baking powder is a prepared leavening identity; powder is inherent in its name.,operator-corrective-review-v3,2026-08-11
v313-pos-022,positive,frozen_eval_recipe_ingredient,eval-ri-986,freshly squeezed lemon juice,en,{},accepted,lemon-juice,"{""state"":""fresh""}","{""mapping_source"":""attribute_alias""}",culinary_identity,frozen eval recipe_ingredients.id=986 plus independent culinary adjudication,Freshly squeezed preserves fresh state on the lemon-juice identity.,operator-corrective-review-v3,2026-08-11
v313-pos-023,positive,frozen_eval_recipe_ingredient,eval-ri-1708,tomato sauce,en,{},accepted,tomato-sauce,{},"{""mapping_source"":""exact_alias""}",culinary_identity,frozen eval recipe_ingredients.id=1708 plus independent culinary adjudication,Tomato is inherent in tomato-sauce and is not duplicated as a variety facet.,operator-corrective-review-v3,2026-08-11
v313-pos-024,positive,frozen_eval_recipe_ingredient,eval-ri-2903,corn starch,en,{},accepted,cornstarch,{},"{""mapping_source"":""exact_alias""}",culinary_identity,frozen eval recipe_ingredients.id=2903 plus independent culinary adjudication,Corn starch and cornstarch are one identity; corn is inherent in the base.,operator-corrective-review-v3,2026-08-11
v313-pos-025,positive,frozen_eval_recipe_ingredient,eval-ri-324,garlic cloves,en,{},accepted,garlic,"{""form"":""clove""}","{""mapping_source"":""attribute_alias""}",culinary_identity,frozen eval recipe_ingredients.id=324 plus independent culinary adjudication,Cloves are the reviewed physical form of garlic and not clove spice.,operator-corrective-review-v3,2026-08-11
v313-pos-026,positive,frozen_eval_recipe_ingredient,eval-ri-3644,egg yolks,en,{},accepted,egg-yolk,"{""egg_part"":""yolk""}","{""mapping_source"":""attribute_alias""}",culinary_identity,frozen eval recipe_ingredients.id=3644 plus independent culinary adjudication,Egg yolks resolve to the yolk identity with exact egg-part facet.,operator-corrective-review-v3,2026-08-11
v313-pos-027,positive,frozen_eval_recipe_ingredient,eval-ri-1019,fresh parsley,en,{},accepted,parsley,"{""state"":""fresh""}","{""mapping_source"":""attribute_alias""}",culinary_identity,frozen eval recipe_ingredients.id=1019 plus independent culinary adjudication,Fresh is retained as defining state on parsley.,operator-corrective-review-v3,2026-08-11
v313-pos-028,positive,frozen_eval_recipe_ingredient,eval-ri-892,dried oregano,en,{},accepted,oregano,"{""processing"":""dried""}","{""mapping_source"":""attribute_alias""}",culinary_identity,frozen eval recipe_ingredients.id=892 plus independent culinary adjudication,Dried is preserved as processing on oregano.,operator-corrective-review-v3,2026-08-11
v313-pos-029,positive,frozen_eval_recipe_ingredient,eval-ri-937,unsalted butter,en,{},accepted,butter,"{""saltedness"":""unsalted""}","{""mapping_source"":""attribute_alias""}",culinary_identity,frozen eval recipe_ingredients.id=937 plus independent culinary adjudication,Unsalted is a defining butter saltedness facet.,operator-corrective-review-v3,2026-08-11
v313-pos-030,positive,frozen_eval_recipe_ingredient,eval-ri-3433,crème fraîche,fr,{},accepted,creme-fraiche,{},"{""mapping_source"":""exact_alias""}",culinary_identity,frozen eval recipe_ingredients.id=3433 plus independent culinary adjudication,Crème fraîche names the cultured dairy identity directly.,operator-corrective-review-v3,2026-08-11
v313-pos-031,positive,frozen_eval_recipe_ingredient,eval-ri-890,Dijon mustard,en,{},accepted,dijon-mustard,{},"{""mapping_source"":""exact_alias""}",culinary_identity,frozen eval recipe_ingredients.id=890 plus independent culinary adjudication,Dijon mustard is a reviewed mustard subtype identity.,operator-corrective-review-v3,2026-08-11
v313-pos-032,positive,frozen_eval_recipe_ingredient,eval-ri-1704,soy sauce,en,{},accepted,soy-sauce,{},"{""mapping_source"":""exact_alias""}",culinary_identity,frozen eval recipe_ingredients.id=1704 plus independent culinary adjudication,Soy sauce is an exact prepared sauce identity and not Portuguese parsley salsa.,operator-corrective-review-v3,2026-08-11
v313-pos-033,positive,frozen_eval_recipe_ingredient,eval-ri-2111,fish sauce,en,{},accepted,fish-sauce,{},"{""mapping_source"":""exact_alias""}",culinary_identity,frozen eval recipe_ingredients.id=2111 plus independent culinary adjudication,Fish sauce is an exact prepared sauce identity and not bare salsa.,operator-corrective-review-v3,2026-08-11
v313-pos-034,positive,frozen_eval_recipe_ingredient,eval-ri-341,lime juice,en,{},accepted,lime-juice,{},"{""mapping_source"":""exact_alias""}",culinary_identity,frozen eval recipe_ingredients.id=341 plus independent culinary adjudication,Lime juice is its own prepared juice identity rather than lime fruit.,operator-corrective-review-v3,2026-08-11
v313-pos-035,positive,frozen_eval_recipe_ingredient,eval-ri-1752,sesame oil,en,{},accepted,oil,"{""variety"":""sesame""}","{""mapping_source"":""attribute_alias""}",culinary_identity,frozen eval recipe_ingredients.id=1752 plus independent culinary adjudication,Sesame is the defining oil variety and not sesame-seed identity.,operator-corrective-review-v3,2026-08-11
v313-pos-036,positive,frozen_eval_recipe_ingredient,eval-ri-4567,bittersweet chocolate,en,{},accepted,chocolate,"{""chocolate_class"":""bittersweet""}","{""mapping_source"":""attribute_alias""}",culinary_identity,frozen eval recipe_ingredients.id=4567 plus independent culinary adjudication,Bittersweet is a chocolate class and must not resolve to cocktail bitters.,operator-corrective-review-v3,2026-08-11
v313-pos-037,positive,frozen_eval_recipe_ingredient,eval-ri-4735,vanilla pod,en,{},accepted,vanilla,"{""form"":""pod""}","{""mapping_source"":""attribute_alias""}",culinary_identity,frozen eval recipe_ingredients.id=4735 plus independent culinary adjudication,A singular vanilla pod remains vanilla and cannot satisfy coffee-pod identity.,operator-corrective-review-v3,2026-08-11
v313-pos-038,positive,frozen_provider_observation,provider-review-c4af63df4677601d32ff28e92448ca568a51f81dd684e07933921970782ff440,chopped spring onions,und,"{""provider_review_key"":""c4af63df4677601d32ff28e92448ca568a51f81dd684e07933921970782ff440"",""provider_ref"":""com.vorwerk.ingredients.Ingredient-rpf-259"",""title_hash"":""885e64fbba0a02fe96ca2e9b7a1cd9832aa11aacc9a31168e1dcb338e9572132"",""owner_fingerprint"":""3a779d8a03cab73ba53ef21fab1b4ee5b4e8101feb14bcb6bebfff5cef69b4da""}",accepted,spring-onion,"{""form"":""chopped""}","{""label_provenance"":""provider-local-review-v3"",""label_source_ref"":""c4af63df4677601d32ff28e92448ca568a51f81dd684e07933921970782ff440"",""mapping_source"":""attribute_alias"",""required_cohort"":null,""required_evidence_key"":""c4af63df4677601d32ff28e92448ca568a51f81dd684e07933921970782ff440"",""required_evidence_kind"":""provider_owner_review""}",provider_ref_title_hash,provider rpf-259 title hash and frozen owner fingerprint,The owner-bound local wording explicitly preserves chopped spring-onion form.,operator-corrective-review-v3,2026-08-11
v313-pos-039,positive,frozen_provider_observation,provider-review-aef9e8f5ecd455fa1435c993a7b52cf66d6b3bafdeeeef94eee4e22b0f1327ed,fresh blueberries,und,"{""provider_review_key"":""aef9e8f5ecd455fa1435c993a7b52cf66d6b3bafdeeeef94eee4e22b0f1327ed"",""provider_ref"":""com.vorwerk.ingredients.Ingredient-rpf-1002"",""title_hash"":""ab45e8474269b026f668d49860b36850122e18a50d5ea38f3fefdae08261865c"",""owner_fingerprint"":""6a31a3cd3d54cc3f295d3b0777ec0ea3b7310c85d81a9fca3f4562bd26ed1a8e""}",accepted,blueberry,"{""state"":""fresh""}","{""label_provenance"":""provider-local-review-v3"",""label_source_ref"":""aef9e8f5ecd455fa1435c993a7b52cf66d6b3bafdeeeef94eee4e22b0f1327ed"",""mapping_source"":""attribute_alias"",""required_cohort"":null,""required_evidence_key"":""aef9e8f5ecd455fa1435c993a7b52cf66d6b3bafdeeeef94eee4e22b0f1327ed"",""required_evidence_kind"":""provider_owner_review""}",provider_ref_title_hash,provider rpf-1002 and title hash ab45e847,Fresh is owner-reviewed state on blueberry and may not be silently dropped.,operator-corrective-review-v3,2026-08-11
v313-pos-040,positive,frozen_provider_observation,provider-review-b209964155ff9ab925c5819746bdc116432477e6d0badbb4a7a828bf25a83240,fresh tomatoes,und,"{""provider_review_key"":""b209964155ff9ab925c5819746bdc116432477e6d0badbb4a7a828bf25a83240"",""provider_ref"":""com.vorwerk.ingredients.Ingredient-rpf-30"",""title_hash"":""5ed728c2fa5d767bc6c1ec6a732db1e37c343be46913e6498d340f7782691f14"",""owner_fingerprint"":""813fc678bfa1fb19627676d9563ee79acf8c458697eb307cdd60340367d7f0ab""}",accepted,tomato,"{""state"":""fresh""}","{""label_provenance"":""provider-local-review-v3"",""label_source_ref"":""b209964155ff9ab925c5819746bdc116432477e6d0badbb4a7a828bf25a83240"",""mapping_source"":""attribute_alias"",""required_cohort"":null,""required_evidence_key"":""b209964155ff9ab925c5819746bdc116432477e6d0badbb4a7a828bf25a83240"",""required_evidence_kind"":""provider_owner_review""}",provider_ref_title_hash,provider rpf-30 and title hash 5ed728c2,The provider-local assertion keeps fresh tomato state while waiving self-variety bleed.,operator-corrective-review-v3,2026-08-11
v313-pos-041,positive,frozen_provider_observation,provider-review-1d9c74b47a74a1a32508a62024ea50cbe7ab984a8a66a6c24a9181b71f71c1e0,freshly squeezed lime juice,und,"{""provider_review_key"":""1d9c74b47a74a1a32508a62024ea50cbe7ab984a8a66a6c24a9181b71f71c1e0"",""provider_ref"":""com.vorwerk.ingredients.Ingredient-rpf-60"",""title_hash"":""7a27b49d802e7afe175331b6fb35e946fbab6849f7e48bd4c184177750fe9cc3"",""owner_fingerprint"":""59119a58b23b8118f994701055f86ff7cd176edcffcec127879eb568f1fa0923""}",accepted,lime-juice,"{""state"":""fresh""}","{""label_provenance"":""provider-local-review-v3"",""label_source_ref"":""1d9c74b47a74a1a32508a62024ea50cbe7ab984a8a66a6c24a9181b71f71c1e0"",""mapping_source"":""attribute_alias"",""required_cohort"":null,""required_evidence_key"":""1d9c74b47a74a1a32508a62024ea50cbe7ab984a8a66a6c24a9181b71f71c1e0"",""required_evidence_kind"":""provider_owner_review""}",provider_ref_title_hash,provider rpf-60 and title hash 7a27b49d,Freshly squeezed is explicitly retained as state on the owner-scoped lime juice.,operator-corrective-review-v3,2026-08-11
v313-pos-042,positive,frozen_provider_observation,provider-review-81025a637496d36e46986403c4e8c9b5d0e9551b8aa95083362268c61da48ec4,granulated sugar,und,"{""provider_review_key"":""81025a637496d36e46986403c4e8c9b5d0e9551b8aa95083362268c61da48ec4"",""provider_ref"":""com.vorwerk.ingredients.Ingredient-rpf-9"",""title_hash"":""cc767fb1c6efc232caf9dd1f6e853d853b58ddd2c058c8820320e69d755c18fb"",""owner_fingerprint"":""f6acb586e8aab800a47951863d38dd77a8dfe25f2cf8aad01a6b42323c20a62b""}",accepted,sugar,"{""refinement"":""granulated""}","{""label_provenance"":""provider-local-review-v3"",""label_source_ref"":""81025a637496d36e46986403c4e8c9b5d0e9551b8aa95083362268c61da48ec4"",""mapping_source"":""attribute_alias"",""required_cohort"":null,""required_evidence_key"":""81025a637496d36e46986403c4e8c9b5d0e9551b8aa95083362268c61da48ec4"",""required_evidence_kind"":""provider_owner_review""}",provider_ref_title_hash,provider rpf-9 and title hash cc767fb1,Granulated is the exact reviewed sugar refinement for this observation.,operator-corrective-review-v3,2026-08-11
v313-pos-043,positive,frozen_provider_observation,provider-review-9c56e769ad11c17f7ce8bf685d375f77ffdaffe8eef21b864ba1ca4c5c6dbaf6,ground paprika,und,"{""provider_review_key"":""9c56e769ad11c17f7ce8bf685d375f77ffdaffe8eef21b864ba1ca4c5c6dbaf6"",""provider_ref"":""com.vorwerk.ingredients.Ingredient-rpf-2765"",""title_hash"":""67aa6b6c143c668356e0bf2568c44deafba7758bc84b5d53372d41cab0d5fa98"",""owner_fingerprint"":""7c815b470e66f336c4911f84231fc9d35a02b30bf9785ef1a8bf6e09b1b1712e""}",accepted,paprika,"{""form"":""ground""}","{""label_provenance"":""provider-local-review-v3"",""label_source_ref"":""9c56e769ad11c17f7ce8bf685d375f77ffdaffe8eef21b864ba1ca4c5c6dbaf6"",""mapping_source"":""attribute_alias"",""required_cohort"":null,""required_evidence_key"":""9c56e769ad11c17f7ce8bf685d375f77ffdaffe8eef21b864ba1ca4c5c6dbaf6"",""required_evidence_kind"":""provider_owner_review""}",provider_ref_title_hash,provider rpf-2765 and title hash 67aa6b6c,Ground form is defining for the reviewed paprika observation.,operator-corrective-review-v3,2026-08-11
v313-pos-044,positive,frozen_provider_observation,provider-review-39354be090ba9d091439527fa66510150e198d87408f5d34cc15dad672b66cfb,large red onions,und,"{""provider_review_key"":""39354be090ba9d091439527fa66510150e198d87408f5d34cc15dad672b66cfb"",""provider_ref"":""com.vorwerk.ingredients.Ingredient-rpf-256"",""title_hash"":""eb31a331ca00003eaf7da5003795d7dd0a6b88438dbeecc3c74f78a9a1cb87dc"",""owner_fingerprint"":""3693ba61faa05c792e30ac2008bc6385ce388aa235831b378074ab2ab96af3b1""}",accepted,onion,"{""size"":""large"",""variety"":""red""}","{""label_provenance"":""provider-local-review-v3"",""label_source_ref"":""39354be090ba9d091439527fa66510150e198d87408f5d34cc15dad672b66cfb"",""mapping_source"":""attribute_alias"",""required_cohort"":null,""required_evidence_key"":""39354be090ba9d091439527fa66510150e198d87408f5d34cc15dad672b66cfb"",""required_evidence_kind"":""provider_owner_review""}",provider_ref_title_hash,provider rpf-256 and title hash eb31a331,The reviewed row preserves red variety and the nondefining large size rather than discarding either.,operator-corrective-review-v3,2026-08-11
v313-pos-045,positive,frozen_provider_observation,provider-review-6ad4571a44533196448d93c2497a199a9a3f158ea634eff6742ce49c1d42c332,low moisture mozzarella,und,"{""provider_review_key"":""6ad4571a44533196448d93c2497a199a9a3f158ea634eff6742ce49c1d42c332"",""provider_ref"":""com.vorwerk.ingredients.Ingredient-rpf-224"",""title_hash"":""b5508392157fa1c40dcab78b7a43b66ece775fd4bbb6e04a1b426db2d42310d7"",""owner_fingerprint"":""6afa840bf9a263e890a23ed85e87bbc8a6fe392cbe88a3866635813b305d1316""}",accepted,mozzarella,"{""moisture"":""low_moisture""}","{""label_provenance"":""provider-local-review-v3"",""label_source_ref"":""6ad4571a44533196448d93c2497a199a9a3f158ea634eff6742ce49c1d42c332"",""mapping_source"":""attribute_alias"",""required_cohort"":null,""required_evidence_key"":""6ad4571a44533196448d93c2497a199a9a3f158ea634eff6742ce49c1d42c332"",""required_evidence_kind"":""provider_owner_review""}",provider_ref_title_hash,provider rpf-224 and title hash b5508392,Low moisture is retained through the closed mozzarella moisture facet.,operator-corrective-review-v3,2026-08-11
v313-pos-046,positive,frozen_provider_observation,provider-review-c6e7bd0ffda4f754648d95240feb559ccc7e233318d3ffbec4092355d35f1b47,rice wine vinegar unseasoned,und,"{""provider_review_key"":""c6e7bd0ffda4f754648d95240feb559ccc7e233318d3ffbec4092355d35f1b47"",""provider_ref"":""com.vorwerk.ingredients.Ingredient-rpf-1450"",""title_hash"":""62d74ac3c5bcc094610be12c34f0878e4267ed6b95b5c0f5ed142681b2d90db9"",""owner_fingerprint"":""fb8d2a9dd65bd910c22db977d7de0dfd62a3087785a553f4da61051263b0f4c5""}",accepted,vinegar,"{""seasoning"":""unseasoned"",""variety"":""rice""}","{""label_provenance"":""provider-local-review-v3"",""label_source_ref"":""c6e7bd0ffda4f754648d95240feb559ccc7e233318d3ffbec4092355d35f1b47"",""mapping_source"":""attribute_alias"",""required_cohort"":null,""required_evidence_key"":""c6e7bd0ffda4f754648d95240feb559ccc7e233318d3ffbec4092355d35f1b47"",""required_evidence_kind"":""provider_owner_review""}",provider_ref_title_hash,provider rpf-1450 and title hash 62d74ac3,Rice variety and unseasoned class are both explicit in the provider-local wording.,operator-corrective-review-v3,2026-08-11
v313-pos-047,positive,frozen_provider_observation,provider-review-3e5b074c2990709a9f62a927580274bbc04fd9e377e788f9b95c1fe86ee68c6c,runny honey,und,"{""provider_review_key"":""3e5b074c2990709a9f62a927580274bbc04fd9e377e788f9b95c1fe86ee68c6c"",""provider_ref"":""com.vorwerk.ingredients.Ingredient-rpf-82"",""title_hash"":""a55e2e3846a51f6ad0abfdfbdea2ba0e5e0c76b5ccfa8a920895fedeae89a8b6"",""owner_fingerprint"":""b6049cd34324c3c654e82b39609eb19014ec6572aacd6c305afdb5c542c5d37a""}",accepted,honey,"{""form"":""liquid""}","{""label_provenance"":""provider-local-review-v3"",""label_source_ref"":""3e5b074c2990709a9f62a927580274bbc04fd9e377e788f9b95c1fe86ee68c6c"",""mapping_source"":""attribute_alias"",""required_cohort"":null,""required_evidence_key"":""3e5b074c2990709a9f62a927580274bbc04fd9e377e788f9b95c1fe86ee68c6c"",""required_evidence_kind"":""provider_owner_review""}",provider_ref_title_hash,provider rpf-82 and title hash a55e2e38,Runny is adjudicated as liquid-form honey rather than ignored residue.,operator-corrective-review-v3,2026-08-11
v313-pos-048,positive,frozen_provider_observation,provider-review-dae9d1d4864ec5116fe7a195bd41bdc7e2b147a944a45a1f8e7d39bb1ab83297,shaved parmesan cheese,und,"{""provider_review_key"":""dae9d1d4864ec5116fe7a195bd41bdc7e2b147a944a45a1f8e7d39bb1ab83297"",""provider_ref"":""com.vorwerk.ingredients.Ingredient-rpf-63"",""title_hash"":""330ef099cde2127854ca50b5747c77b7f5b0d909e97c3a969c06b907f84b6e71"",""owner_fingerprint"":""d7b24b48dbc8e7636ef130f84ca111cfa5b3909141c568b9b162a10fb9de743e""}",accepted,parmesan,"{""form"":""shaved""}","{""label_provenance"":""provider-local-review-v3"",""label_source_ref"":""dae9d1d4864ec5116fe7a195bd41bdc7e2b147a944a45a1f8e7d39bb1ab83297"",""mapping_source"":""attribute_alias"",""required_cohort"":null,""required_evidence_key"":""dae9d1d4864ec5116fe7a195bd41bdc7e2b147a944a45a1f8e7d39bb1ab83297"",""required_evidence_kind"":""provider_owner_review""}",provider_ref_title_hash,provider rpf-63 and title hash 330ef099,Shaved is represented exactly and is not approximated as shredded.,operator-corrective-review-v3,2026-08-11
v313-pos-049,positive,frozen_provider_observation,provider-review-29ed5a4e51fe17979f3eee678a182a1acf52a2c3c88a72dee43a14d97cd53b83,uncooked whole chicken,und,"{""provider_review_key"":""29ed5a4e51fe17979f3eee678a182a1acf52a2c3c88a72dee43a14d97cd53b83"",""provider_ref"":""com.vorwerk.ingredients.Ingredient-rpf-254"",""title_hash"":""811eb81b9d11d65a36c53c3ebdb738ee303403cb79d781ccf4b40764e0a9d12a"",""owner_fingerprint"":""ee518ac957f53e360b40a7974766fd8cea3dafa67cf54390f2cefb1dfcd3497a""}",accepted,chicken,"{""form"":""whole"",""processing"":""raw"",""species"":""chicken""}","{""label_provenance"":""provider-local-review-v3"",""label_source_ref"":""29ed5a4e51fe17979f3eee678a182a1acf52a2c3c88a72dee43a14d97cd53b83"",""mapping_source"":""attribute_alias"",""required_cohort"":null,""required_evidence_key"":""29ed5a4e51fe17979f3eee678a182a1acf52a2c3c88a72dee43a14d97cd53b83"",""required_evidence_kind"":""provider_owner_review""}",provider_ref_title_hash,provider rpf-254 and title hash 811eb81b,Whole form raw processing and chicken species are all explicit and retained.,operator-corrective-review-v3,2026-08-11
v313-pos-050,positive,frozen_provider_observation,provider-review-d3719bd88c3bcd217f2c5ae60531f245bc14ea5ec14a8e7a9738fb61128a6d76,white rice,und,"{""provider_review_key"":""d3719bd88c3bcd217f2c5ae60531f245bc14ea5ec14a8e7a9738fb61128a6d76"",""provider_ref"":""com.vorwerk.ingredients.Ingredient-rpf-7"",""title_hash"":""209f76418ece7c936b65ff4777a578d860f762c37ad6c7f08f5826242199ef51"",""owner_fingerprint"":""97a58373a0927d1eecf2a0709c7d3ccfcb8843035233d8261cc3ae84c4f042a1""}",accepted,rice,"{""refinement"":""white""}","{""label_provenance"":""provider-local-review-v3"",""label_source_ref"":""d3719bd88c3bcd217f2c5ae60531f245bc14ea5ec14a8e7a9738fb61128a6d76"",""mapping_source"":""attribute_alias"",""required_cohort"":null,""required_evidence_key"":""d3719bd88c3bcd217f2c5ae60531f245bc14ea5ec14a8e7a9738fb61128a6d76"",""required_evidence_kind"":""provider_owner_review""}",provider_ref_title_hash,provider rpf-7 and title hash 209f7641,White is preserved as rice refinement while self-variety parser bleed is waived.,operator-corrective-review-v3,2026-08-11
v313-pos-051,positive,frozen_provider_observation,provider-review-e4e8ea11463a6d65edf2f188a033573bd6768dea4973be5bca7ca6de284647f1,białego octu winnego,und,"{""provider_review_key"":""e4e8ea11463a6d65edf2f188a033573bd6768dea4973be5bca7ca6de284647f1"",""provider_ref"":""com.vorwerk.ingredients.Ingredient-rpf-314"",""title_hash"":""33489e83683cb827ea1372996f80c4b0bf4ce77f6e990ea1c8504026de27c7fa"",""owner_fingerprint"":""0ac5a4b7760ae8d8717b97a27f57106a99ff8629945a3a64c7a201c4789c4760""}",accepted,vinegar,"{""variety"":""white_wine""}","{""label_provenance"":""provider-local-review-v3"",""label_source_ref"":""e4e8ea11463a6d65edf2f188a033573bd6768dea4973be5bca7ca6de284647f1"",""mapping_source"":""attribute_alias"",""required_cohort"":null,""required_evidence_key"":""e4e8ea11463a6d65edf2f188a033573bd6768dea4973be5bca7ca6de284647f1"",""required_evidence_kind"":""provider_owner_review""}",provider_ref_title_hash,provider rpf-314 title hash and frozen owner fingerprint,White-wine vinegar variety is retained while redundant wine-color parser output is explicitly waived.,operator-corrective-review-v3,2026-08-11
v313-pos-052,positive,frozen_provider_observation,provider-review-6649698a28cb1f70d896865b4e3f479abfd607d33c03efce8962144e1d1aaea8,salsa,pt,"{""provider_review_key"":""6649698a28cb1f70d896865b4e3f479abfd607d33c03efce8962144e1d1aaea8"",""provider_ref"":""com.vorwerk.ingredients.Ingredient-rpf-33"",""title_hash"":""9f65e7fcdfcbeecd7e432bf3b24c678c05db722a5b29989be5f93b339bc86326"",""cohort"":""pt"",""owner_fingerprint"":""54fb4e72e9f86551688698ce33691643d3db7f48d839708e03feb5fbf9e927af""}",accepted,parsley,"{""state"":""fresh""}","{""label_provenance"":""provider-local-review-v3"",""label_source_ref"":""6649698a28cb1f70d896865b4e3f479abfd607d33c03efce8962144e1d1aaea8"",""mapping_source"":""attribute_alias"",""required_cohort"":""pt"",""required_evidence_key"":""6649698a28cb1f70d896865b4e3f479abfd607d33c03efce8962144e1d1aaea8"",""required_evidence_kind"":""provider_owner_review""}",provider_ref_title_hash,provider rpf-33 title hash 9f65e7fc and Portuguese cohort,Only the exact rpf-33 owner evidence plus PT cohort permits fresh parsley interpretation.,operator-corrective-review-v3,2026-08-11
v313-pos-053,positive,frozen_product_corpus,product-170e0b0508076673cda6,PANDA BRAND OYSTER SAUCE,und,"{""product_fingerprint"":""170e0b0508076673cda6aff50e48f8610c1c19298cc9f2fb689c543b595c8ffa""}",accepted,oyster-sauce,{},"{""disposition_code"":""D1"",""mapping_source"":""fingerprint_bound_product_review""}",product_fingerprint,product fingerprint 170e0b05 from frozen 174-product corpus,The fingerprint identifies an oyster-sauce product without unsupported facets.,operator-corrective-review-v3,2026-08-11
v313-pos-054,positive,frozen_product_corpus,product-fe955a2bc64122c89e8f,Fermented Chile Paste,und,"{""product_fingerprint"":""fe955a2bc64122c89e8f78a30c8850432a31ced6c9c24fa3bfcdbc8709d1c558""}",accepted,chili-paste,"{""form"":""paste"",""processing"":""fermented""}","{""disposition_code"":""D2"",""mapping_source"":""fingerprint_bound_product_review""}",product_fingerprint,product fingerprint fe955a2b from frozen 174-product corpus,This exact product supports chili-paste identity with paste form and fermented processing.,operator-corrective-review-v3,2026-08-11
v313-pos-055,positive,frozen_product_corpus,product-45c0cc0fb23c685583d4,SESAME OIL,und,"{""product_fingerprint"":""45c0cc0fb23c685583d4386d267869af55b68f6e887f3107ff00225823706eda""}",accepted,oil,"{""variety"":""sesame""}","{""disposition_code"":""D2"",""mapping_source"":""fingerprint_bound_product_review""}",product_fingerprint,product fingerprint 45c0cc0f from frozen 174-product corpus,The reviewed package is oil of sesame variety and cannot satisfy sesame seed identity.,operator-corrective-review-v3,2026-08-11
v313-pos-056,positive,frozen_product_corpus,product-8c3b93443c5386f8c430,Aromatic Bitters,und,"{""product_fingerprint"":""8c3b93443c5386f8c4304a9715606239683c6661b2bf2c7101a85c4efd400105""}",accepted,bitters,{},"{""disposition_code"":""D1"",""mapping_source"":""fingerprint_bound_product_review""}",product_fingerprint,product fingerprint 8c3b9344 from frozen 174-product corpus,Aromatic bitters are the bitters identity and not bitter chocolate.,operator-corrective-review-v3,2026-08-11
v313-pos-057,positive,frozen_product_corpus,product-15e8fc26b1bbbbb431a4,Hot Banana Pepper Rings,und,"{""product_fingerprint"":""15e8fc26b1bbbbb431a45803845db68341ab04ac16a76bdfba01b938bc3b7f42""}",accepted,pickled-peppers,"{""form"":""rings"",""processing"":""pickled""}","{""disposition_code"":""D2"",""mapping_source"":""fingerprint_bound_product_review""}",product_fingerprint,product fingerprint 15e8fc26 from frozen 174-product corpus,The product supports pickled-peppers identity with ring form and pickled processing.,operator-corrective-review-v3,2026-08-11
v313-pos-058,positive,frozen_product_corpus,product-4c403ca1d44f86c6b008,Sliced Tamed Jalapeño Peppers,und,"{""product_fingerprint"":""4c403ca1d44f86c6b0081de38e7b6557cd675b99663a66b72eb3eb5b01a15b50""}",accepted,jalapeno-pepper,"{""form"":""sliced"",""processing"":""pickled"",""variety"":""jalapeno""}","{""disposition_code"":""D2"",""mapping_source"":""fingerprint_bound_product_review""}",product_fingerprint,product fingerprint 4c403ca1 from frozen 174-product corpus,The fingerprint proves jalapeño identity and its sliced pickled preparation.,operator-corrective-review-v3,2026-08-11
v313-pos-059,positive,frozen_product_corpus,product-eb308c620bcbb78065f2,Bloc de foie gras canard,und,"{""product_fingerprint"":""eb308c620bcbb78065f26a5412c6b35c07dd4b62dbf94215c53b37f4c5d621fb""}",accepted,foie-gras,"{""form"":""block"",""species"":""duck""}","{""disposition_code"":""D2"",""mapping_source"":""fingerprint_bound_product_review""}",product_fingerprint,product fingerprint eb308c62 from frozen 174-product corpus,Duck species is product evidence on foie gras and does not make generic foie gras a duck subtype.,operator-corrective-review-v3,2026-08-11
v313-pos-060,positive,frozen_product_corpus,product-b880e09a102b25e4aedb,The Original Donut Shop  Regular Medium Roast K-Cup Coffee Pods  32 Count,und,"{""product_fingerprint"":""b880e09a102b25e4aedb6b9d96fcc3e5e887c25acfae514513b648f2bd471557""}",accepted,coffee-pod,"{""form"":""pod""}","{""disposition_code"":""D2"",""mapping_source"":""fingerprint_bound_product_review""}",product_fingerprint,product fingerprint b880e09a from frozen 174-product corpus,This package fingerprint supports coffee-pod identity; generic cardamom or vanilla pods remain different bases.,operator-corrective-review-v3,2026-08-11
v313-pos-061,positive,frozen_product_corpus,product-f727e9627d3e4ee3246f,Whole Foods Organic Kalamata Pitted Olives,und,"{""product_fingerprint"":""f727e9627d3e4ee3246ff537f0f3a06eb26690b40e28d9616ae4fab9d4f93006""}",accepted,olive,"{""preparation"":""pitted"",""variety"":""kalamata""}","{""disposition_code"":""D2"",""mapping_source"":""fingerprint_bound_product_review""}",product_fingerprint,product fingerprint f727e962 from frozen 174-product corpus,The reviewed product is olive with exact Kalamata variety and pitted preparation.,operator-corrective-review-v3,2026-08-11
v313-pos-062,positive,frozen_eval_recipe_ingredient,eval-ri-12445,pitted Kalamata olives,en,{},accepted,olive,"{""preparation"":""pitted"",""variety"":""kalamata""}","{""mapping_source"":""attribute_alias""}",culinary_identity,frozen eval recipe_ingredients.id=12445 plus independent Kalamata adjudication,The full English span identifies pitted Kalamata olives and no other ingredient base.,operator-corrective-review-v3,2026-08-11
v313-pos-063,positive,frozen_eval_recipe_ingredient,eval-ri-25045,"Kalamata olives, pitted",en,{},accepted,olive,"{""preparation"":""pitted"",""variety"":""kalamata""}","{""mapping_source"":""attribute_alias""}",culinary_identity,frozen eval recipe_ingredients.id=25045 plus independent Kalamata adjudication,Postpositive pitted wording preserves the same olive identity and defining facets.,operator-corrective-review-v3,2026-08-11
v313-pos-064,positive,frozen_eval_recipe_ingredient,eval-ri-79796,d'olives Kalamata dénoyautées,fr,{},accepted,olive,"{""preparation"":""pitted"",""variety"":""kalamata""}","{""mapping_source"":""attribute_alias""}",culinary_identity,frozen eval recipe_ingredients.id=79796 plus independent French adjudication,French dénoyautées is reviewed as pitted preparation on Kalamata olives.,operator-corrective-review-v3,2026-08-11
v313-pos-065,positive,frozen_eval_recipe_ingredient,eval-ri-106846,"Kalamata Oliven, entsteint",de,{},accepted,olive,"{""preparation"":""pitted"",""variety"":""kalamata""}","{""mapping_source"":""attribute_alias""}",culinary_identity,frozen eval recipe_ingredients.id=106846 plus independent German adjudication,German entsteint preserves pitted preparation and Kalamata variety.,operator-corrective-review-v3,2026-08-11
v313-pos-066,positive,frozen_eval_recipe_ingredient,eval-ri-295472,azeitona Kalamata,pt,{},accepted,olive,"{""variety"":""kalamata""}","{""mapping_source"":""attribute_alias""}",culinary_identity,frozen eval recipe_ingredients.id=295472 plus independent Portuguese adjudication,The observed unqualified Portuguese label proves Kalamata variety but not pitted preparation.,operator-corrective-review-v3,2026-08-11
v313-pos-067,positive,frozen_eval_recipe_ingredient,eval-ri-3361,garlic powder,en,{},accepted,garlic,"{""form"":""powder""}","{""mapping_source"":""attribute_alias""}",culinary_identity,frozen eval recipe_ingredients.id=3361 plus independent garlic adjudication,Garlic powder remains garlic with powder form and can never resolve to olive or Kalamata.,operator-corrective-review-v3,2026-08-11
v313-pos-068,positive,frozen_eval_recipe_ingredient,eval-ri-27946,garlic,en,{},accepted,garlic,{},"{""mapping_source"":""exact_alias""}",culinary_identity,frozen eval recipe_ingredients.id=27946 plus independent garlic adjudication,Bare garlic is the garlic identity and has no valid path to olive or Kalamata.,operator-corrective-review-v3,2026-08-11
v313-pos-069,positive,frozen_eval_recipe_ingredient,eval-ri-307224,măsline Kalamata fără sâmburi,en-us,{},accepted,olive,"{""preparation"":""pitted"",""variety"":""kalamata""}","{""mapping_source"":""attribute_alias""}",culinary_identity,frozen eval recipe_ingredients.id=307224 plus independent Romanian adjudication,The unambiguous Romanian full span resolves through its reviewed locale-independent fallback when recipe locale is unavailable.,operator-corrective-review-v3,2026-08-11
v313-pos-070,positive,frozen_eval_recipe_ingredient,eval-ri-279036,"kalamata oliven, udstenede",en-us,{},accepted,olive,"{""preparation"":""pitted"",""variety"":""kalamata""}","{""mapping_source"":""attribute_alias""}",culinary_identity,frozen eval recipe_ingredients.id=279036 plus independent Danish adjudication,The unambiguous Danish full span resolves through its reviewed locale-independent fallback when recipe locale is unavailable.,operator-corrective-review-v3,2026-08-11
v313-neg-001,critical_negative,adjudicated_boundary_reference,boundary-bare-pepper-v1,pepper,en,{},unresolved,,{},"{""mapping_source"":""unresolved""}",reviewed_negative,known Piper/Capsicum homograph,Bare pepper lacks enough evidence to choose Piper spice or Capsicum vegetable.,operator-corrective-review-v3,2026-08-11
v313-neg-002,critical_negative,adjudicated_boundary_reference,boundary-pimenta-pt-v1,pimenta,pt,"{""cohort"":""pt""}",unresolved,,{},"{""mapping_source"":""unresolved""}",reviewed_negative,Portuguese Piper/Capsicum ambiguity,Portuguese pimenta remains unresolved without a specific variety or owner assertion.,operator-corrective-review-v3,2026-08-11
v313-neg-003,critical_negative,adjudicated_boundary_reference,boundary-piment-fr-v1,piment,fr,{},unresolved,,{},"{""mapping_source"":""unresolved""}",reviewed_negative,French chilli or pepper context ambiguity,French piment cannot be assigned to Piper or a specific Capsicum identity from this span alone.,operator-corrective-review-v3,2026-08-11
v313-neg-004,critical_negative,adjudicated_boundary_reference,boundary-cornflour-v1,cornflour,en,{},unresolved,,{},"{""mapping_source"":""unresolved""}",reviewed_negative,regional cornflour homograph,Cornflour means cornstarch in some regions and maize flour in others; no global identity is safe.,operator-corrective-review-v3,2026-08-11
v313-neg-005,critical_negative,adjudicated_boundary_reference,boundary-tomato-puree-v1,tomato purée,en,{},unresolved,,{},"{""mapping_source"":""unresolved""}",reviewed_negative,regional tomato purée concentration ambiguity,Tomato purée varies between passata-like and concentrated products and needs stronger evidence.,operator-corrective-review-v3,2026-08-11
v313-neg-006,critical_negative,adjudicated_boundary_reference,boundary-air-id-v1,air,id,{},unresolved,,{},"{""mapping_source"":""unresolved""}",reviewed_negative,Indonesian air means water but language alone is gate evidence,The Indonesian homograph is not accepted without an independently reviewed language assertion.,operator-corrective-review-v3,2026-08-11
v313-neg-007,critical_negative,adjudicated_boundary_reference,boundary-garam-id-v1,garam,id,{},unresolved,,{},"{""mapping_source"":""unresolved""}",reviewed_negative,Indonesian garam means salt but language alone is gate evidence,The label remains unresolved until an explicit reviewed Indonesian salt assertion exists.,operator-corrective-review-v3,2026-08-11
v313-neg-008,critical_negative,adjudicated_boundary_reference,boundary-legumes-pt-v1,legumes,pt,"{""cohort"":""pt""}",unresolved,,{},"{""mapping_source"":""unresolved""}",reviewed_negative,Portuguese legumes means vegetables,Portuguese legumes must not satisfy the English pulse or legume-class identity.,operator-corrective-review-v3,2026-08-11
v313-neg-009,critical_negative,adjudicated_boundary_reference,boundary-legume-ro-v1,legume,ro,"{""cohort"":""ro""}",unresolved,,{},"{""mapping_source"":""unresolved""}",reviewed_negative,Romanian legume means vegetables,Romanian legume remains nonaccepted as an English pulse identity.,operator-corrective-review-v3,2026-08-11
v313-neg-010,critical_negative,adjudicated_boundary_reference,boundary-salsa-pt-unscoped-v1,salsa,pt,"{""cohort"":""pt""}",unresolved,,{},"{""mapping_source"":""context_gated_unresolved"",""required_cohort"":""pt"",""required_evidence_kind"":""provider_owner_review"",""required_evidence_key"":""6649698a28cb1f70d896865b4e3f479abfd607d33c03efce8962144e1d1aaea8""}",reviewed_negative,Portuguese salsa parsley homograph,A PT cohort alone cannot turn salsa into parsley without matching owner evidence.,operator-corrective-review-v3,2026-08-11
v313-neg-011,critical_negative,adjudicated_boundary_reference,boundary-salsa-pt-wrong-owner-v1,salsa,pt,"{""cohort"":""pt"",""provider_review_key"":""6649698a28cb1f70d896865b4e3f479abfd607d33c03efce8962144e1d1aaea8"",""provider_ref"":""com.vorwerk.ingredients.Ingredient-rpf-33"",""title_hash"":""9f65e7fcdfcbeecd7e432bf3b24c678c05db722a5b29989be5f93b339bc86326"",""owner_fingerprint"":""68aed1ef5dda413e937d18d741b19e8f07bbcdefece34990b6558f0618632a85""}",unresolved,,{},"{""mapping_source"":""context_gated_unresolved"",""required_cohort"":""pt"",""required_evidence_kind"":""provider_owner_review"",""required_evidence_key"":""6649698a28cb1f70d896865b4e3f479abfd607d33c03efce8962144e1d1aaea8""}",reviewed_negative,owner-scoped provider evidence mismatch,The correct title hash with the wrong provider owner key must not accept parsley.,operator-corrective-review-v3,2026-08-11
v313-neg-012,critical_negative,frozen_provider_observation,provider-review-3b61188487a1c2f34eba02d0169cb5884c68987d706d40149da1a3a7784ccf13,spring onions shallots,und,"{""provider_review_key"":""3b61188487a1c2f34eba02d0169cb5884c68987d706d40149da1a3a7784ccf13"",""provider_ref"":""com.vorwerk.ingredients.Ingredient-rpf-259"",""title_hash"":""885e64fbba0a02fe96ca2e9b7a1cd9832aa11aacc9a31168e1dcb338e9572132"",""owner_fingerprint"":""a56c0557573af0e98a61665be405632ab7fb3ed43237f6cd550aacb445d5225b""}",unresolved,,{},"{""mapping_source"":""unresolved""}",provider_ref_title_hash,provider rpf-259 alternative local label,The local text names spring onions and shallots as alternatives and is explicitly D8 rather than accepted.,operator-corrective-review-v3,2026-08-11
v313-neg-013,critical_negative,adjudicated_boundary_reference,boundary-bitter-chocolate-v1,bitter chocolate,en,{},unresolved,,{},"{""mapping_source"":""unresolved""}",reviewed_negative,bitter adjective versus cocktail bitters,Bitter chocolate must not resolve to bitters and lacks a reviewed chocolate-class assertion.,operator-corrective-review-v3,2026-08-11
v313-neg-014,critical_negative,adjudicated_boundary_reference,boundary-salsa-soja-es-v1,salsa de soja,es,{},unresolved,,{},"{""mapping_source"":""unresolved""}",reviewed_negative,Spanish soy-sauce phrase,Substring salsa must not turn the full Spanish soy-sauce phrase into salsa or parsley.,operator-corrective-review-v3,2026-08-11
v313-neg-015,critical_negative,adjudicated_boundary_reference,boundary-salsa-pesce-it-v1,salsa di pesce,it,{},unresolved,,{},"{""mapping_source"":""unresolved""}",reviewed_negative,Italian fish-sauce phrase,The complete Italian phrase cannot be accepted by the salsa token alone.,operator-corrective-review-v3,2026-08-11
v313-neg-016,critical_negative,adjudicated_boundary_reference,boundary-sauce-soja-fr-v1,sauce soja,fr,{},unresolved,,{},"{""mapping_source"":""unresolved""}",reviewed_negative,French soy-sauce phrase,No cross-language substring or translation rule may accept this without a reviewed alias.,operator-corrective-review-v3,2026-08-11
v313-neg-017,critical_negative,adjudicated_boundary_reference,boundary-rice-wine-v1,rice wine,en,{},unresolved,,{},"{""mapping_source"":""unresolved""}",reviewed_negative,fermented rice beverage,Rice wine must not satisfy rice grain and has no reviewed prepared-wine assertion here.,operator-corrective-review-v3,2026-08-11
v313-neg-018,critical_negative,adjudicated_boundary_reference,boundary-rice-paper-v1,rice paper,en,{},unresolved,,{},"{""mapping_source"":""unresolved""}",reviewed_negative,prepared rice wrapper,Rice paper is a prepared wrapper and cannot satisfy rice identity from its component.,operator-corrective-review-v3,2026-08-11
v313-neg-019,critical_negative,adjudicated_boundary_reference,boundary-rice-syrup-v1,rice syrup,en,{},unresolved,,{},"{""mapping_source"":""unresolved""}",reviewed_negative,rice-derived sweetener,Rice syrup is derived from rice but neither ancestry nor derivation establishes rice identity.,operator-corrective-review-v3,2026-08-11
v313-neg-020,critical_negative,adjudicated_boundary_reference,boundary-rice-bran-oil-v1,rice bran oil,en,{},unresolved,,{},"{""mapping_source"":""unresolved""}",reviewed_negative,bran-derived oil variety,The current closed oil varieties do not review rice bran oil and substring rice is insufficient.,operator-corrective-review-v3,2026-08-11
v313-neg-021,critical_negative,adjudicated_boundary_reference,boundary-peanut-flavored-oil-v1,peanut flavored oil,en,{},unresolved,,{},"{""mapping_source"":""unresolved""}",reviewed_negative,flavoring versus source variety,Peanut-flavored oil does not prove that peanut is the oil source variety.,operator-corrective-review-v3,2026-08-11
v313-neg-022,critical_negative,adjudicated_boundary_reference,boundary-fresh-red-chilli-v1,fresh red chilli,en,{},unresolved,,{},"{""mapping_source"":""unresolved""}",reviewed_negative,underspecified Capsicum phrase,Fresh red chilli lacks a reviewed exact alias and must not fall through to Piper pepper.,operator-corrective-review-v3,2026-08-11
v313-neg-023,critical_negative,adjudicated_boundary_reference,boundary-banana-pepper-v1,banana pepper,en,{},unresolved,,{},"{""mapping_source"":""unresolved""}",reviewed_negative,unmodeled Capsicum variety,Banana pepper is a real Capsicum variety but no reviewed entity or closed variety assertion exists.,operator-corrective-review-v3,2026-08-11
v313-neg-024,critical_negative,adjudicated_boundary_reference,boundary-roasted-red-pepper-v1,roasted red pepper,en,{},unresolved,,{},"{""mapping_source"":""unresolved""}",reviewed_negative,bare pepper plus preparation,Roasted and red do not resolve the underlying Piper-versus-Capsicum ambiguity.,operator-corrective-review-v3,2026-08-11
v313-neg-025,critical_negative,adjudicated_boundary_reference,boundary-soy-milk-v1,soy milk,en,{},unresolved,,{},"{""mapping_source"":""unresolved""}",reviewed_negative,unreviewed plant milk variety,Soy milk must not satisfy dairy milk and lacks an explicit accepted soy milk-alternative alias.,operator-corrective-review-v3,2026-08-11
v313-neg-026,critical_negative,adjudicated_boundary_reference,boundary-oat-milk-v1,oat milk,en,{},unresolved,,{},"{""mapping_source"":""unresolved""}",reviewed_negative,unreviewed oat milk alternative,Oat milk is not dairy milk and remains unresolved without a reviewed oat variety.,operator-corrective-review-v3,2026-08-11
v313-neg-027,critical_negative,adjudicated_boundary_reference,boundary-cashew-milk-v1,cashew milk,en,{},unresolved,,{},"{""mapping_source"":""unresolved""}",reviewed_negative,unreviewed cashew milk alternative,Cashew milk cannot use the milk head token to satisfy dairy milk.,operator-corrective-review-v3,2026-08-11
v313-neg-028,critical_negative,adjudicated_boundary_reference,boundary-pea-milk-v1,pea milk,en,{},unresolved,,{},"{""mapping_source"":""unresolved""}",reviewed_negative,unreviewed pea milk alternative,Pea milk remains a missing milk-alternative variety rather than a dairy match.,operator-corrective-review-v3,2026-08-11
v313-neg-029,critical_negative,adjudicated_boundary_reference,boundary-category-food-v1,food,en,{},unresolved,,{},"{""mapping_source"":""unresolved""}",reviewed_negative,structural root category,The food root is structural and can never satisfy an ingredient identity.,operator-corrective-review-v3,2026-08-11
v313-neg-030,critical_negative,adjudicated_boundary_reference,boundary-category-ingredient-v1,ingredient,en,{},unresolved,,{},"{""mapping_source"":""unresolved""}",reviewed_negative,structural ingredient category,Ingredient is a backbone category rather than a cookable identity leaf.,operator-corrective-review-v3,2026-08-11
v313-neg-031,critical_negative,adjudicated_boundary_reference,boundary-category-vegetable-v1,vegetable,en,{},unresolved,,{},"{""mapping_source"":""unresolved""}",reviewed_negative,structural vegetable category,Vegetable is too broad and identity-ineligible despite being food-related.,operator-corrective-review-v3,2026-08-11
v313-neg-032,critical_negative,adjudicated_boundary_reference,boundary-category-fruit-v1,fruit,en,{},unresolved,,{},"{""mapping_source"":""unresolved""}",reviewed_negative,structural fruit category,Fruit remains a category and cannot satisfy a specific fruit requirement.,operator-corrective-review-v3,2026-08-11
v313-neg-033,critical_negative,adjudicated_boundary_reference,boundary-category-herb-v1,herb,en,{},unresolved,,{},"{""mapping_source"":""unresolved""}",reviewed_negative,structural herb category,Herb is a branch label and not a normal accepted ingredient identity.,operator-corrective-review-v3,2026-08-11
v313-neg-034,critical_negative,adjudicated_boundary_reference,boundary-category-spice-v1,spice,en,{},unresolved,,{},"{""mapping_source"":""unresolved""}",reviewed_negative,structural spice category,Spice is identity-ineligible without a specific spice leaf.,operator-corrective-review-v3,2026-08-11
v313-neg-035,critical_negative,adjudicated_boundary_reference,boundary-category-nut-v1,nut,en,{},unresolved,,{},"{""mapping_source"":""unresolved""}",reviewed_negative,structural nut category,Nut cannot satisfy almond walnut or another specific nut identity.,operator-corrective-review-v3,2026-08-11
v313-neg-036,critical_negative,adjudicated_boundary_reference,boundary-category-seed-v1,seed,en,{},unresolved,,{},"{""mapping_source"":""unresolved""}",reviewed_negative,structural seed category,Seed is a category and not an exact sesame sunflower or other seed identity.,operator-corrective-review-v3,2026-08-11
v313-neg-037,critical_negative,adjudicated_boundary_reference,boundary-category-grain-v1,grain,en,{},unresolved,,{},"{""mapping_source"":""unresolved""}",reviewed_negative,structural grain category,Grain is identity-ineligible and cannot satisfy rice quinoa or another leaf.,operator-corrective-review-v3,2026-08-11
v313-neg-038,critical_negative,adjudicated_boundary_reference,boundary-category-dairy-v1,dairy,en,{},unresolved,,{},"{""mapping_source"":""unresolved""}",reviewed_negative,structural dairy category,Dairy cannot satisfy milk cheese cream or another specific identity.,operator-corrective-review-v3,2026-08-11
v313-neg-039,critical_negative,adjudicated_boundary_reference,boundary-category-condiment-v1,condiment,en,{},unresolved,,{},"{""mapping_source"":""unresolved""}",reviewed_negative,structural condiment category,Condiment is a prepared branch and not a standalone identity.,operator-corrective-review-v3,2026-08-11
v313-neg-040,critical_negative,adjudicated_boundary_reference,boundary-category-beverage-v1,beverage,en,{},unresolved,,{},"{""mapping_source"":""unresolved""}",reviewed_negative,structural beverage category,Beverage is a structural parent and cannot satisfy coffee juice or milk alternatives.,operator-corrective-review-v3,2026-08-11
v313-neg-041,critical_negative,adjudicated_boundary_reference,boundary-category-meal-v1,meal,en,{},unresolved,,{},"{""mapping_source"":""unresolved""}",reviewed_negative,structural meal category,Meal is a composite branch and never a normal ingredient identity.,operator-corrective-review-v3,2026-08-11
v313-neg-042,critical_negative,adjudicated_boundary_reference,boundary-vanilla-bean-pods-v1,vanilla bean pods,en,{},unresolved,,{},"{""mapping_source"":""unresolved""}",reviewed_negative,compound pod wording not explicitly reviewed,The extra bean token leaves residue beyond the reviewed vanilla-pods alias and blocks acceptance.,operator-corrective-review-v3,2026-08-11
v313-neg-043,critical_negative,adjudicated_boundary_reference,boundary-cocoa-bean-pods-v1,cocoa bean pods,en,{},unresolved,,{},"{""mapping_source"":""unresolved""}",reviewed_negative,cocoa fruit pod distinct from coffee,Cocoa bean pods are not coffee pods and no reviewed cocoa-pod identity exists.,operator-corrective-review-v3,2026-08-11
v313-neg-044,critical_negative,adjudicated_boundary_reference,boundary-light-soy-sauce-v1,light soy sauce,en,{},unresolved,,{},"{""mapping_source"":""unresolved""}",reviewed_negative,unsupported soy-sauce class,Light is a potentially defining soy-sauce class not represented by the accepted bare alias.,operator-corrective-review-v3,2026-08-11
v313-neg-045,critical_negative,adjudicated_boundary_reference,boundary-dark-soy-sauce-v1,dark soy sauce,en,{},unresolved,,{},"{""mapping_source"":""unresolved""}",reviewed_negative,unsupported soy-sauce class,Dark soy sauce remains unresolved rather than silently dropping its defining class.,operator-corrective-review-v3,2026-08-11
v313-neg-046,critical_negative,adjudicated_boundary_reference,boundary-rice-cooking-wine-v1,rice cooking wine,en,{},unresolved,,{},"{""mapping_source"":""unresolved""}",reviewed_negative,prepared rice wine phrase,Neither rice nor cooking-wine identity is accepted from this unreviewed compound span.,operator-corrective-review-v3,2026-08-11
v313-neg-047,critical_negative,adjudicated_boundary_reference,boundary-sweet-pepper-v1,sweet pepper,en,{},unresolved,,{},"{""mapping_source"":""unresolved""}",reviewed_negative,Capsicum phrase lacking reviewed variety,Sweet pepper is Capsicum-related but the bare pepper head remains ambiguous in this exact label.,operator-corrective-review-v3,2026-08-11
v313-neg-048,critical_negative,adjudicated_boundary_reference,boundary-capsicum-pepper-v1,capsicum pepper,en,{},unresolved,,{},"{""mapping_source"":""unresolved""}",reviewed_negative,redundant unreviewed Capsicum phrase,The phrase is not permitted to head-match capsicum or Piper without an exact reviewed alias.,operator-corrective-review-v3,2026-08-11
v313-neg-049,critical_negative,frozen_product_corpus,product-ed55a59be004c85f45d4,Thick 'N Chunky Salsa Verde,und,"{""product_fingerprint"":""ed55a59be004c85f45d42015bab8b493b70edd1f29701ec5e66a67a04562daa2""}",unresolved,,{},"{""disposition_code"":""D5"",""mapping_source"":""fingerprint_bound_product_review""}",product_fingerprint,product fingerprint ed55a59b from frozen 174-product corpus,The retail salsa is prepared or composite and is terminally nonaccepting rather than broad salsa identity.,operator-corrective-review-v3,2026-08-11
v313-neg-050,critical_negative,frozen_product_corpus,product-01d15f1266ce35881eb7,Kroger Light Mayo,und,"{""product_fingerprint"":""01d15f1266ce35881eb71eb6e4db7efebb859f680c21be54777f0702f2b320bd""}",unresolved,,{},"{""disposition_code"":""D9"",""mapping_source"":""fingerprint_bound_product_review""}",product_fingerprint,product fingerprint 01d15f12 from frozen 174-product corpus,Light mayonnaise formulation is not proven by the fingerprint review and remains evidence-needed terminal.,operator-corrective-review-v3,2026-08-11
v313-neg-051,critical_negative,adjudicated_boundary_reference,boundary-garlic-kalamata-composite-v1,garlic Kalamata olives,en,{},unresolved,,{},"{""mapping_source"":""unresolved""}",reviewed_negative,mixed garlic and Kalamata identity span,A mixed garlic-and-Kalamata phrase must not let either token silently claim the whole identity.,operator-corrective-review-v3,2026-08-11
v313-neg-052,critical_negative,adjudicated_boundary_reference,boundary-kalamata-garlic-powder-v1,Kalamata garlic powder,en,{},unresolved,,{},"{""mapping_source"":""unresolved""}",reviewed_negative,mixed Kalamata and garlic-powder identity span,Kalamata wording cannot redirect garlic powder to olive and garlic cannot erase the olive modifier.,operator-corrective-review-v3,2026-08-11
v314-pos-001,positive,frozen_eval_recipe_ingredient,eval-ri-13380,de poivre noir moulu,und,{},accepted,piper-pepper,"{""form"":""ground"",""variety"":""black""}","{""mapping_source"":""attribute_alias""}",culinary_identity,frozen eval recipe_ingredients.id=13380 plus maintainer culinary adjudication,The reviewed French label preserves both ground form and black Piper variety.,operator-corrective-review-v3,2026-08-11
v314-pos-002,positive,frozen_eval_recipe_ingredient,eval-ri-576,de pimienta negra molida,und,{},accepted,piper-pepper,"{""form"":""ground"",""variety"":""black""}","{""mapping_source"":""attribute_alias""}",culinary_identity,frozen eval recipe_ingredients.id=576 plus maintainer culinary adjudication,The reviewed Spanish label preserves both ground form and black Piper variety.,operator-corrective-review-v3,2026-08-11
v314-pos-003,positive,frozen_eval_recipe_ingredient,eval-ri-2886,de poivre blanc moulu,und,{},accepted,piper-pepper,"{""form"":""ground"",""variety"":""white""}","{""mapping_source"":""attribute_alias""}",culinary_identity,frozen eval recipe_ingredients.id=2886 plus maintainer culinary adjudication,The reviewed French label preserves both ground form and white Piper variety.,operator-corrective-review-v3,2026-08-11
v314-pos-004,positive,frozen_eval_recipe_ingredient,eval-ri-5450,di lievito di birra fresco,und,{},accepted,yeast,"{""state"":""fresh""}","{""mapping_source"":""attribute_alias""}",culinary_identity,frozen eval recipe_ingredients.id=5450 plus maintainer culinary adjudication,The reviewed Italian yeast label preserves the explicit fresh state.,operator-corrective-review-v3,2026-08-11
v314-pos-005,positive,frozen_eval_recipe_ingredient,eval-ri-10466,de perejil fresco,und,{},accepted,parsley,"{""state"":""fresh""}","{""mapping_source"":""attribute_alias""}",culinary_identity,frozen eval recipe_ingredients.id=10466 plus maintainer culinary adjudication,The reviewed Spanish parsley label preserves the explicit fresh state.,operator-corrective-review-v3,2026-08-11
v314-pos-006,positive,frozen_eval_recipe_ingredient,eval-ri-12496,di origano secco,und,{},accepted,oregano,"{""processing"":""dried""}","{""mapping_source"":""attribute_alias""}",culinary_identity,frozen eval recipe_ingredients.id=12496 plus maintainer culinary adjudication,The reviewed Italian oregano label preserves the explicit dried processing state.,operator-corrective-review-v3,2026-08-11
v314-pos-007,positive,frozen_provider_term,provider-term-rpf-174,baking powder,en,"{""provider_term_ref"":""com.vorwerk.ingredients.Ingredient-rpf-174"",""title_hash"":""99d5811f346feea30ae06b41adcad5ecaba96347567634a98c749a4f8b44c037""}",accepted,baking-powder,{},"{""disposition_code"":""D1"",""mapping_source"":""explicit_provider_term_manifest""}",provider_ref_title_hash,Cookidoo rpf-174 exact title and frozen title hash,Powder is inherent in the reviewed baking-powder identity and is not duplicated as a form facet.,operator-corrective-review-v3,2026-08-11
v314-pos-008,positive,frozen_provider_term,provider-term-rpf-7310,freshly squeezed lemon juice,en,"{""provider_term_ref"":""com.vorwerk.ingredients.Ingredient-rpf-7310"",""title_hash"":""af9f757f9e3399e4f349ee9ea6263db3d03ae03459d777fc6f4d4f41faa448c4""}",accepted,lemon-juice,"{""state"":""fresh""}","{""disposition_code"":""D2"",""mapping_source"":""explicit_provider_term_manifest""}",provider_ref_title_hash,Cookidoo rpf-7310 exact title and frozen title hash,Freshly squeezed lemon juice preserves its reviewed fresh state.,operator-corrective-review-v3,2026-08-11
v314-pos-009,positive,frozen_product_corpus,product-f19504ee9d0bebfe5ce7,Applewood Smoked Thick Cut Bacon,und,"{""product_fingerprint"":""f19504ee9d0bebfe5ce76ceb1282210f95b2098e25c171c0d93b4a9153d94cf4""}",accepted,bacon,"{""preparation"":""thick_cut"",""processing"":""smoked""}","{""disposition_code"":""D2"",""mapping_source"":""fingerprint_bound_product_review""}",product_fingerprint,product fingerprint f19504ee from frozen 174-product corpus,The fingerprint-bound product preserves both smoked processing and thick-cut preparation.,operator-corrective-review-v3,2026-08-11
v314-pos-010,positive,frozen_eval_recipe_ingredient,eval-ri-5369,cheese,en,{},accepted,cheese,{},"{""mapping_source"":""exact_alias""}",culinary_identity,frozen eval recipe_ingredients.id=5369 plus maintainer generic identity adjudication,Cheese is retained as a valid generic culinary identity while descendant ancestry remains non-satisfying.,operator-corrective-review-v3,2026-08-11
v314-pos-011,positive,frozen_eval_recipe_ingredient,eval-ri-5828,wine,en,{},accepted,wine,{},"{""mapping_source"":""exact_alias""}",culinary_identity,frozen eval recipe_ingredients.id=5828 plus maintainer generic identity adjudication,Wine is retained as a valid generic culinary identity while descendant ancestry remains non-satisfying.,operator-corrective-review-v3,2026-08-11
v314-pos-012,positive,frozen_eval_recipe_ingredient,eval-ri-5973,chocolate,en,{},accepted,chocolate,{},"{""mapping_source"":""exact_alias""}",culinary_identity,frozen eval recipe_ingredients.id=5973 plus maintainer generic identity adjudication,Chocolate is retained as a valid generic culinary identity with same-entity facet compatibility.,operator-corrective-review-v3,2026-08-11
v314-pos-013,positive,frozen_eval_recipe_ingredient,eval-ri-2027,cheddar cheese,en,{},accepted,cheddar,{},"{""mapping_source"":""exact_alias""}",culinary_identity,frozen eval recipe_ingredients.id=2027 plus maintainer contrast adjudication,Cheddar is a distinct child identity and must not collapse to generic cheese.,operator-corrective-review-v3,2026-08-11
v314-pos-014,positive,frozen_eval_recipe_ingredient,eval-ri-110612,cooking wine,en,{},accepted,cooking-wine,{},"{""mapping_source"":""exact_alias""}",culinary_identity,frozen eval recipe_ingredients.id=110612 plus maintainer contrast adjudication,Cooking wine is a distinct prepared child identity and must not collapse to generic wine.,operator-corrective-review-v3,2026-08-11
