child_slug,previous_parent_slug,new_parent_slug,change_kind,review_state,reviewer,review_batch,rationale,source_citation
alcoholic-beverage,beverage,beverage,unchanged,reviewed,operator-corrective-review-v2,full-ontology-resolution-v2,Explicitly reviewed corrective topology transition,frozen legacy/v3 parent comparison
almond,ingredient,nut,changed,reviewed,operator-corrective-review-v2,full-ontology-resolution-v2,Explicitly reviewed corrective topology transition,frozen legacy/v3 parent comparison
almonds,tree-nuts,nut,changed,reviewed,operator-corrective-review-v2,full-ontology-resolution-v2,Explicitly reviewed corrective topology transition,frozen legacy/v3 parent comparison
animal-derived,,ingredient,added,reviewed,operator-corrective-review-v2,full-ontology-resolution-v2,Explicitly reviewed corrective topology transition,frozen legacy/v3 parent comparison
apple-juice,,beverage,added,reviewed,operator-corrective-review-v2,full-ontology-resolution-v2,Explicitly reviewed corrective topology transition,frozen legacy/v3 parent comparison
arborio-rice,rice,,removed,reviewed,operator-corrective-review-v2,full-ontology-resolution-v2,Explicitly reviewed corrective topology transition,frozen legacy/v3 parent comparison
avocado,,fruit,added,reviewed,operator-corrective-review-v2,full-ontology-resolution-v2,Explicitly reviewed corrective topology transition,frozen legacy/v3 parent comparison
bacon,pork,pork,unchanged,reviewed,operator-corrective-review-v2,full-ontology-resolution-v2,Explicitly reviewed corrective topology transition,frozen legacy/v3 parent comparison
baguette,bread,bread,unchanged,reviewed,operator-corrective-review-v2,full-ontology-resolution-v2,Explicitly reviewed corrective topology transition,frozen legacy/v3 parent comparison
bakery,,prepared-food,added,reviewed,operator-corrective-review-v2,full-ontology-resolution-v2,Explicitly reviewed corrective topology transition,frozen legacy/v3 parent comparison
baking-powder,leavening-agent,leavening,changed,reviewed,operator-corrective-review-v2,full-ontology-resolution-v2,Explicitly reviewed corrective topology transition,frozen legacy/v3 parent comparison
baking-soda,leavening-agent,leavening,changed,reviewed,operator-corrective-review-v2,full-ontology-resolution-v2,Explicitly reviewed corrective topology transition,frozen legacy/v3 parent comparison
banana,,fruit,added,reviewed,operator-corrective-review-v2,full-ontology-resolution-v2,Explicitly reviewed corrective topology transition,frozen legacy/v3 parent comparison
barbecue-sauce,sauce,sauce,unchanged,reviewed,operator-corrective-review-v2,full-ontology-resolution-v2,Explicitly reviewed corrective topology transition,frozen legacy/v3 parent comparison
basil,,herb,added,reviewed,operator-corrective-review-v2,full-ontology-resolution-v2,Explicitly reviewed corrective topology transition,frozen legacy/v3 parent comparison
bay-leaf,,herb,added,reviewed,operator-corrective-review-v2,full-ontology-resolution-v2,Explicitly reviewed corrective topology transition,frozen legacy/v3 parent comparison
bean,,legume,added,reviewed,operator-corrective-review-v2,full-ontology-resolution-v2,Explicitly reviewed corrective topology transition,frozen legacy/v3 parent comparison
beans,legume,,removed,reviewed,operator-corrective-review-v2,full-ontology-resolution-v2,Explicitly reviewed corrective topology transition,frozen legacy/v3 parent comparison
beef,stock,meat,changed,reviewed,operator-corrective-review-v2,full-ontology-resolution-v2,Explicitly reviewed corrective topology transition,frozen legacy/v3 parent comparison
beef-stock,stock,,removed,reviewed,operator-corrective-review-v2,full-ontology-resolution-v2,Explicitly reviewed corrective topology transition,frozen legacy/v3 parent comparison
bell-pepper,,capsicum,added,reviewed,operator-corrective-review-v2,full-ontology-resolution-v2,Explicitly reviewed corrective topology transition,frozen legacy/v3 parent comparison
berry,fruit,fruit,unchanged,reviewed,operator-corrective-review-v2,full-ontology-resolution-v2,Explicitly reviewed corrective topology transition,frozen legacy/v3 parent comparison
beverage,,prepared-food,added,reviewed,operator-corrective-review-v2,full-ontology-resolution-v2,Explicitly reviewed corrective topology transition,frozen legacy/v3 parent comparison
bibimbap,prepared-meal,prepared-meal,unchanged,reviewed,operator-corrective-review-v2,full-ontology-resolution-v2,Explicitly reviewed corrective topology transition,frozen legacy/v3 parent comparison
bitters,flavoring,flavoring,unchanged,reviewed,operator-corrective-review-v2,full-ontology-resolution-v2,Explicitly reviewed corrective topology transition,frozen legacy/v3 parent comparison
black-bean,,bean,added,reviewed,operator-corrective-review-v2,full-ontology-resolution-v2,Explicitly reviewed corrective topology transition,frozen legacy/v3 parent comparison
black-bean-salad,salad,salad,unchanged,reviewed,operator-corrective-review-v2,full-ontology-resolution-v2,Explicitly reviewed corrective topology transition,frozen legacy/v3 parent comparison
black-bean-sauce,sauce,sauce,unchanged,reviewed,operator-corrective-review-v2,full-ontology-resolution-v2,Explicitly reviewed corrective topology transition,frozen legacy/v3 parent comparison
black-beans,beans,legume,changed,reviewed,operator-corrective-review-v2,full-ontology-resolution-v2,Explicitly reviewed corrective topology transition,frozen legacy/v3 parent comparison
blueberries,berry,,removed,reviewed,operator-corrective-review-v2,full-ontology-resolution-v2,Explicitly reviewed corrective topology transition,frozen legacy/v3 parent comparison
blueberry,,fruit,added,reviewed,operator-corrective-review-v2,full-ontology-resolution-v2,Explicitly reviewed corrective topology transition,frozen legacy/v3 parent comparison
bread,grain,bakery,changed,reviewed,operator-corrective-review-v2,full-ontology-resolution-v2,Explicitly reviewed corrective topology transition,frozen legacy/v3 parent comparison
bread-crumbs,bread,,removed,reviewed,operator-corrective-review-v2,full-ontology-resolution-v2,Explicitly reviewed corrective topology transition,frozen legacy/v3 parent comparison
breadcrumbs,,bread,added,reviewed,operator-corrective-review-v2,full-ontology-resolution-v2,Explicitly reviewed corrective topology transition,frozen legacy/v3 parent comparison
brie,cheese,cheese,unchanged,reviewed,operator-corrective-review-v2,full-ontology-resolution-v2,Explicitly reviewed corrective topology transition,frozen legacy/v3 parent comparison
broccoli,,vegetable,added,reviewed,operator-corrective-review-v2,full-ontology-resolution-v2,Explicitly reviewed corrective topology transition,frozen legacy/v3 parent comparison
brown-mustard,mustard,mustard,unchanged,reviewed,operator-corrective-review-v2,full-ontology-resolution-v2,Explicitly reviewed corrective topology transition,frozen legacy/v3 parent comparison
brown-sugar,sugar,,removed,reviewed,operator-corrective-review-v2,full-ontology-resolution-v2,Explicitly reviewed corrective topology transition,frozen legacy/v3 parent comparison
buns,bread,bread,unchanged,reviewed,operator-corrective-review-v2,full-ontology-resolution-v2,Explicitly reviewed corrective topology transition,frozen legacy/v3 parent comparison
butter,spread,oil-fat,changed,reviewed,operator-corrective-review-v2,full-ontology-resolution-v2,Explicitly reviewed corrective topology transition,frozen legacy/v3 parent comparison
buttermilk,,dairy,added,reviewed,operator-corrective-review-v2,full-ontology-resolution-v2,Explicitly reviewed corrective topology transition,frozen legacy/v3 parent comparison
caesar-dressing,salad-dressing,salad-dressing,unchanged,reviewed,operator-corrective-review-v2,full-ontology-resolution-v2,Explicitly reviewed corrective topology transition,frozen legacy/v3 parent comparison
cake,dessert,dessert,unchanged,reviewed,operator-corrective-review-v2,full-ontology-resolution-v2,Explicitly reviewed corrective topology transition,frozen legacy/v3 parent comparison
capsicum,,vegetable,added,reviewed,operator-corrective-review-v2,full-ontology-resolution-v2,Explicitly reviewed corrective topology transition,frozen legacy/v3 parent comparison
cardamom,ingredient,spice,changed,reviewed,operator-corrective-review-v2,full-ontology-resolution-v2,Explicitly reviewed corrective topology transition,frozen legacy/v3 parent comparison
carrot,vegetable,vegetable,unchanged,reviewed,operator-corrective-review-v2,full-ontology-resolution-v2,Explicitly reviewed corrective topology transition,frozen legacy/v3 parent comparison
cauliflower,vegetable,vegetable,unchanged,reviewed,operator-corrective-review-v2,full-ontology-resolution-v2,Explicitly reviewed corrective topology transition,frozen legacy/v3 parent comparison
cayenne-pepper,,spice,added,reviewed,operator-corrective-review-v2,full-ontology-resolution-v2,Explicitly reviewed corrective topology transition,frozen legacy/v3 parent comparison
celery,,vegetable,added,reviewed,operator-corrective-review-v2,full-ontology-resolution-v2,Explicitly reviewed corrective topology transition,frozen legacy/v3 parent comparison
cereal,grain,grain,unchanged,reviewed,operator-corrective-review-v2,full-ontology-resolution-v2,Explicitly reviewed corrective topology transition,frozen legacy/v3 parent comparison
cheddar,,cheese,added,reviewed,operator-corrective-review-v2,full-ontology-resolution-v2,Explicitly reviewed corrective topology transition,frozen legacy/v3 parent comparison
cheese,dairy,dairy,unchanged,reviewed,operator-corrective-review-v2,full-ontology-resolution-v2,Explicitly reviewed corrective topology transition,frozen legacy/v3 parent comparison
cheese-soup,soup,soup,unchanged,reviewed,operator-corrective-review-v2,full-ontology-resolution-v2,Explicitly reviewed corrective topology transition,frozen legacy/v3 parent comparison
cherry,,fruit,added,reviewed,operator-corrective-review-v2,full-ontology-resolution-v2,Explicitly reviewed corrective topology transition,frozen legacy/v3 parent comparison
cherry-pie,pie,pie,unchanged,reviewed,operator-corrective-review-v2,full-ontology-resolution-v2,Explicitly reviewed corrective topology transition,frozen legacy/v3 parent comparison
chicken,poultry,poultry,unchanged,reviewed,operator-corrective-review-v2,full-ontology-resolution-v2,Explicitly reviewed corrective topology transition,frozen legacy/v3 parent comparison
chicken-breast,chicken,,removed,reviewed,operator-corrective-review-v2,full-ontology-resolution-v2,Explicitly reviewed corrective topology transition,frozen legacy/v3 parent comparison
chicken-sauce,sauce,sauce,unchanged,reviewed,operator-corrective-review-v2,full-ontology-resolution-v2,Explicitly reviewed corrective topology transition,frozen legacy/v3 parent comparison
chicken-stock,stock,,removed,reviewed,operator-corrective-review-v2,full-ontology-resolution-v2,Explicitly reviewed corrective topology transition,frozen legacy/v3 parent comparison
chicken-stock-base,stock-base,,removed,reviewed,operator-corrective-review-v2,full-ontology-resolution-v2,Explicitly reviewed corrective topology transition,frozen legacy/v3 parent comparison
chili-garlic-sauce,sauce,sauce,unchanged,reviewed,operator-corrective-review-v2,full-ontology-resolution-v2,Explicitly reviewed corrective topology transition,frozen legacy/v3 parent comparison
chili-paste,condiment,condiment,unchanged,reviewed,operator-corrective-review-v2,full-ontology-resolution-v2,Explicitly reviewed corrective topology transition,frozen legacy/v3 parent comparison
chili-pepper,sauce,chilli-pepper,changed,reviewed,operator-corrective-review-v2,full-ontology-resolution-v2,Explicitly reviewed corrective topology transition,frozen legacy/v3 parent comparison
chilli-pepper,,capsicum,added,reviewed,operator-corrective-review-v2,full-ontology-resolution-v2,Explicitly reviewed corrective topology transition,frozen legacy/v3 parent comparison
chimichurri-sauce,sauce,sauce,unchanged,reviewed,operator-corrective-review-v2,full-ontology-resolution-v2,Explicitly reviewed corrective topology transition,frozen legacy/v3 parent comparison
chips,snack,snack,unchanged,reviewed,operator-corrective-review-v2,full-ontology-resolution-v2,Explicitly reviewed corrective topology transition,frozen legacy/v3 parent comparison
chives,,herb,added,reviewed,operator-corrective-review-v2,full-ontology-resolution-v2,Explicitly reviewed corrective topology transition,frozen legacy/v3 parent comparison
chocolate,,plant-derived,added,reviewed,operator-corrective-review-v2,full-ontology-resolution-v2,Explicitly reviewed corrective topology transition,frozen legacy/v3 parent comparison
cilantro,herb,herb,restored,reviewed,operator-corrective-review-v2,full-ontology-resolution-v2,Explicitly reviewed corrective topology transition,frozen legacy/v3 parent comparison
cinnamon,,spice,added,reviewed,operator-corrective-review-v2,full-ontology-resolution-v2,Explicitly reviewed corrective topology transition,frozen legacy/v3 parent comparison
clams,shellfish,shellfish,unchanged,reviewed,operator-corrective-review-v2,full-ontology-resolution-v2,Explicitly reviewed corrective topology transition,frozen legacy/v3 parent comparison
clove-spice,,spice,added,reviewed,operator-corrective-review-v2,full-ontology-resolution-v2,Explicitly reviewed corrective topology transition,frozen legacy/v3 parent comparison
cocoa-powder,,plant-derived,added,reviewed,operator-corrective-review-v2,full-ontology-resolution-v2,Explicitly reviewed corrective topology transition,frozen legacy/v3 parent comparison
coconut,,fruit,added,reviewed,operator-corrective-review-v2,full-ontology-resolution-v2,Explicitly reviewed corrective topology transition,frozen legacy/v3 parent comparison
coconut-milk,beverage,beverage,unchanged,reviewed,operator-corrective-review-v2,full-ontology-resolution-v2,Explicitly reviewed corrective topology transition,frozen legacy/v3 parent comparison
coffee,beverage,beverage,unchanged,reviewed,operator-corrective-review-v2,full-ontology-resolution-v2,Explicitly reviewed corrective topology transition,frozen legacy/v3 parent comparison
coffee-creamer,creamer,beverage,changed,reviewed,operator-corrective-review-v2,full-ontology-resolution-v2,Explicitly reviewed corrective topology transition,frozen legacy/v3 parent comparison
coffee-pod,coffee,beverage,changed,reviewed,operator-corrective-review-v2,full-ontology-resolution-v2,Explicitly reviewed corrective topology transition,frozen legacy/v3 parent comparison
composite-food,prepared-food,prepared-food,unchanged,reviewed,operator-corrective-review-v2,full-ontology-resolution-v2,Explicitly reviewed corrective topology transition,frozen legacy/v3 parent comparison
condensed-milk,milk,milk,unchanged,reviewed,operator-corrective-review-v2,full-ontology-resolution-v2,Explicitly reviewed corrective topology transition,frozen legacy/v3 parent comparison
condiment,,prepared-food,added,reviewed,operator-corrective-review-v2,full-ontology-resolution-v2,Explicitly reviewed corrective topology transition,frozen legacy/v3 parent comparison
cookies,dessert,dessert,unchanged,reviewed,operator-corrective-review-v2,full-ontology-resolution-v2,Explicitly reviewed corrective topology transition,frozen legacy/v3 parent comparison
cooking-spray,,oil-fat,added,reviewed,operator-corrective-review-v2,full-ontology-resolution-v2,Explicitly reviewed corrective topology transition,frozen legacy/v3 parent comparison
cooking-wine,wine,wine,unchanged,reviewed,operator-corrective-review-v2,full-ontology-resolution-v2,Explicitly reviewed corrective topology transition,frozen legacy/v3 parent comparison
coriander,,herb,added,reviewed,operator-corrective-review-v2,full-ontology-resolution-v2,Explicitly reviewed corrective topology transition,frozen legacy/v3 parent comparison
coriander-seed,,seed,added,reviewed,operator-corrective-review-v2,full-ontology-resolution-v2,Explicitly reviewed corrective topology transition,frozen legacy/v3 parent comparison
corn,grain,grain,unchanged,reviewed,operator-corrective-review-v2,full-ontology-resolution-v2,Explicitly reviewed corrective topology transition,frozen legacy/v3 parent comparison
corn-starch,starch,,removed,reviewed,operator-corrective-review-v2,full-ontology-resolution-v2,Explicitly reviewed corrective topology transition,frozen legacy/v3 parent comparison
cornstarch,,starch,added,reviewed,operator-corrective-review-v2,full-ontology-resolution-v2,Explicitly reviewed corrective topology transition,frozen legacy/v3 parent comparison
couscous,wheat,grain,changed,reviewed,operator-corrective-review-v2,full-ontology-resolution-v2,Explicitly reviewed corrective topology transition,frozen legacy/v3 parent comparison
cream,dairy,dairy,unchanged,reviewed,operator-corrective-review-v2,full-ontology-resolution-v2,Explicitly reviewed corrective topology transition,frozen legacy/v3 parent comparison
cream-cheese,cheese,cheese,unchanged,reviewed,operator-corrective-review-v2,full-ontology-resolution-v2,Explicitly reviewed corrective topology transition,frozen legacy/v3 parent comparison
creamer,dairy,dairy,unchanged,reviewed,operator-corrective-review-v2,full-ontology-resolution-v2,Explicitly reviewed corrective topology transition,frozen legacy/v3 parent comparison
creme-fraiche,,dairy,added,reviewed,operator-corrective-review-v2,full-ontology-resolution-v2,Explicitly reviewed corrective topology transition,frozen legacy/v3 parent comparison
cucumber,vegetable,vegetable,unchanged,reviewed,operator-corrective-review-v2,full-ontology-resolution-v2,Explicitly reviewed corrective topology transition,frozen legacy/v3 parent comparison
cumin,,spice,added,reviewed,operator-corrective-review-v2,full-ontology-resolution-v2,Explicitly reviewed corrective topology transition,frozen legacy/v3 parent comparison
curry-paste,condiment,condiment,unchanged,reviewed,operator-corrective-review-v2,full-ontology-resolution-v2,Explicitly reviewed corrective topology transition,frozen legacy/v3 parent comparison
curry-powder,,spice,added,reviewed,operator-corrective-review-v2,full-ontology-resolution-v2,Explicitly reviewed corrective topology transition,frozen legacy/v3 parent comparison
dairy,,animal-derived,added,reviewed,operator-corrective-review-v2,full-ontology-resolution-v2,Explicitly reviewed corrective topology transition,frozen legacy/v3 parent comparison
dessert,,composite-food,added,reviewed,operator-corrective-review-v2,full-ontology-resolution-v2,Explicitly reviewed corrective topology transition,frozen legacy/v3 parent comparison
dijon-mustard,mustard,mustard,unchanged,reviewed,operator-corrective-review-v2,full-ontology-resolution-v2,Explicitly reviewed corrective topology transition,frozen legacy/v3 parent comparison
dill,,herb,added,reviewed,operator-corrective-review-v2,full-ontology-resolution-v2,Explicitly reviewed corrective topology transition,frozen legacy/v3 parent comparison
dip,,condiment,added,reviewed,operator-corrective-review-v2,full-ontology-resolution-v2,Explicitly reviewed corrective topology transition,frozen legacy/v3 parent comparison
duck,meat,meat,unchanged,reviewed,operator-corrective-review-v2,full-ontology-resolution-v2,Explicitly reviewed corrective topology transition,frozen legacy/v3 parent comparison
egg,ingredient,egg-category,changed,reviewed,operator-corrective-review-v2,full-ontology-resolution-v2,Explicitly reviewed corrective topology transition,frozen legacy/v3 parent comparison
egg-category,,animal-derived,added,reviewed,operator-corrective-review-v2,full-ontology-resolution-v2,Explicitly reviewed corrective topology transition,frozen legacy/v3 parent comparison
egg-white,,egg-category,added,reviewed,operator-corrective-review-v2,full-ontology-resolution-v2,Explicitly reviewed corrective topology transition,frozen legacy/v3 parent comparison
egg-whites,eggs,,removed,reviewed,operator-corrective-review-v2,full-ontology-resolution-v2,Explicitly reviewed corrective topology transition,frozen legacy/v3 parent comparison
egg-yolk,,egg-category,added,reviewed,operator-corrective-review-v2,full-ontology-resolution-v2,Explicitly reviewed corrective topology transition,frozen legacy/v3 parent comparison
eggs,,egg-category,added,reviewed,operator-corrective-review-v2,full-ontology-resolution-v2,Explicitly reviewed corrective topology transition,frozen legacy/v3 parent comparison
evaporated-milk,milk,milk,unchanged,reviewed,operator-corrective-review-v2,full-ontology-resolution-v2,Explicitly reviewed corrective topology transition,frozen legacy/v3 parent comparison
feta,,cheese,added,reviewed,operator-corrective-review-v2,full-ontology-resolution-v2,Explicitly reviewed corrective topology transition,frozen legacy/v3 parent comparison
fish-sauce,,condiment,added,reviewed,operator-corrective-review-v2,full-ontology-resolution-v2,Explicitly reviewed corrective topology transition,frozen legacy/v3 parent comparison
flavoring,,condiment,added,reviewed,operator-corrective-review-v2,full-ontology-resolution-v2,Explicitly reviewed corrective topology transition,frozen legacy/v3 parent comparison
flour,ingredient,flour-starch,changed,reviewed,operator-corrective-review-v2,full-ontology-resolution-v2,Explicitly reviewed corrective topology transition,frozen legacy/v3 parent comparison
flour-starch,,plant-derived,added,reviewed,operator-corrective-review-v2,full-ontology-resolution-v2,Explicitly reviewed corrective topology transition,frozen legacy/v3 parent comparison
foie-gras,duck,duck,unchanged,reviewed,operator-corrective-review-v2,full-ontology-resolution-v2,Explicitly reviewed corrective topology transition,frozen legacy/v3 parent comparison
food,,,unchanged,reviewed,operator-corrective-review-v2,full-ontology-resolution-v2,Explicitly reviewed corrective topology transition,frozen legacy/v3 parent comparison
food-coloring,,condiment,added,reviewed,operator-corrective-review-v2,full-ontology-resolution-v2,Explicitly reviewed corrective topology transition,frozen legacy/v3 parent comparison
fruit,,plant-derived,added,reviewed,operator-corrective-review-v2,full-ontology-resolution-v2,Explicitly reviewed corrective topology transition,frozen legacy/v3 parent comparison
fruit-preserve,,condiment,added,reviewed,operator-corrective-review-v2,full-ontology-resolution-v2,Explicitly reviewed corrective topology transition,frozen legacy/v3 parent comparison
garam-masala,,spice,added,reviewed,operator-corrective-review-v2,full-ontology-resolution-v2,Explicitly reviewed corrective topology transition,frozen legacy/v3 parent comparison
garlic,vegetable,vegetable,unchanged,reviewed,operator-corrective-review-v2,full-ontology-resolution-v2,Explicitly reviewed corrective topology transition,frozen legacy/v3 parent comparison
garlic-cloves,garlic,,removed,reviewed,operator-corrective-review-v2,full-ontology-resolution-v2,Explicitly reviewed corrective topology transition,frozen legacy/v3 parent comparison
gelatin,thickener,thickener,unchanged,reviewed,operator-corrective-review-v2,full-ontology-resolution-v2,Explicitly reviewed corrective topology transition,frozen legacy/v3 parent comparison
ghee,,oil-fat,added,reviewed,operator-corrective-review-v2,full-ontology-resolution-v2,Explicitly reviewed corrective topology transition,frozen legacy/v3 parent comparison
ginger,spice,spice,unchanged,reviewed,operator-corrective-review-v2,full-ontology-resolution-v2,Explicitly reviewed corrective topology transition,frozen legacy/v3 parent comparison
grain,,plant-derived,added,reviewed,operator-corrective-review-v2,full-ontology-resolution-v2,Explicitly reviewed corrective topology transition,frozen legacy/v3 parent comparison
green-onion,onion,vegetable,changed,reviewed,operator-corrective-review-v2,full-ontology-resolution-v2,Explicitly reviewed corrective topology transition,frozen legacy/v3 parent comparison
grits,corn,corn,unchanged,reviewed,operator-corrective-review-v2,full-ontology-resolution-v2,Explicitly reviewed corrective topology transition,frozen legacy/v3 parent comparison
guacamole,dip,condiment,changed,reviewed,operator-corrective-review-v2,full-ontology-resolution-v2,Explicitly reviewed corrective topology transition,frozen legacy/v3 parent comparison
half-and-half,cream,cream,unchanged,reviewed,operator-corrective-review-v2,full-ontology-resolution-v2,Explicitly reviewed corrective topology transition,frozen legacy/v3 parent comparison
hazelnut,,nut,added,reviewed,operator-corrective-review-v2,full-ontology-resolution-v2,Explicitly reviewed corrective topology transition,frozen legacy/v3 parent comparison
heavy-cream,cream,,removed,reviewed,operator-corrective-review-v2,full-ontology-resolution-v2,Explicitly reviewed corrective topology transition,frozen legacy/v3 parent comparison
herb,spice,plant-derived,changed,reviewed,operator-corrective-review-v2,full-ontology-resolution-v2,Explicitly reviewed corrective topology transition,frozen legacy/v3 parent comparison
hoisin-sauce,sauce,sauce,unchanged,reviewed,operator-corrective-review-v2,full-ontology-resolution-v2,Explicitly reviewed corrective topology transition,frozen legacy/v3 parent comparison
honey,sweetener,sweetener,unchanged,reviewed,operator-corrective-review-v2,full-ontology-resolution-v2,Explicitly reviewed corrective topology transition,frozen legacy/v3 parent comparison
ingredient,food,food,unchanged,reviewed,operator-corrective-review-v2,full-ontology-resolution-v2,Explicitly reviewed corrective topology transition,frozen legacy/v3 parent comparison
jack-fruit,,fruit,added,reviewed,operator-corrective-review-v2,full-ontology-resolution-v2,Explicitly reviewed corrective topology transition,frozen legacy/v3 parent comparison
jalapeno-pepper,pickled-peppers,chilli-pepper,changed,reviewed,operator-corrective-review-v2,full-ontology-resolution-v2,Explicitly reviewed corrective topology transition,frozen legacy/v3 parent comparison
jasmine-rice,rice,,removed,reviewed,operator-corrective-review-v2,full-ontology-resolution-v2,Explicitly reviewed corrective topology transition,frozen legacy/v3 parent comparison
juice,beverage,beverage,unchanged,reviewed,operator-corrective-review-v2,full-ontology-resolution-v2,Explicitly reviewed corrective topology transition,frozen legacy/v3 parent comparison
ketchup,condiment,condiment,unchanged,reviewed,operator-corrective-review-v2,full-ontology-resolution-v2,Explicitly reviewed corrective topology transition,frozen legacy/v3 parent comparison
leafy-vegetable,vegetable,vegetable,unchanged,reviewed,operator-corrective-review-v2,full-ontology-resolution-v2,Explicitly reviewed corrective topology transition,frozen legacy/v3 parent comparison
leavening,,ingredient,added,reviewed,operator-corrective-review-v2,full-ontology-resolution-v2,Explicitly reviewed corrective topology transition,frozen legacy/v3 parent comparison
leavening-agent,,ingredient,added,reviewed,operator-corrective-review-v2,full-ontology-resolution-v2,Explicitly reviewed corrective topology transition,frozen legacy/v3 parent comparison
leek,,vegetable,added,reviewed,operator-corrective-review-v2,full-ontology-resolution-v2,Explicitly reviewed corrective topology transition,frozen legacy/v3 parent comparison
legume,,plant-derived,added,reviewed,operator-corrective-review-v2,full-ontology-resolution-v2,Explicitly reviewed corrective topology transition,frozen legacy/v3 parent comparison
legumes,nuts,,removed,reviewed,operator-corrective-review-v2,full-ontology-resolution-v2,Explicitly reviewed corrective topology transition,frozen legacy/v3 parent comparison
lemon,,fruit,added,reviewed,operator-corrective-review-v2,full-ontology-resolution-v2,Explicitly reviewed corrective topology transition,frozen legacy/v3 parent comparison
lemon-juice,,beverage,added,reviewed,operator-corrective-review-v2,full-ontology-resolution-v2,Explicitly reviewed corrective topology transition,frozen legacy/v3 parent comparison
lime,fruit,fruit,unchanged,reviewed,operator-corrective-review-v2,full-ontology-resolution-v2,Explicitly reviewed corrective topology transition,frozen legacy/v3 parent comparison
lime-juice,juice,beverage,changed,reviewed,operator-corrective-review-v2,full-ontology-resolution-v2,Explicitly reviewed corrective topology transition,frozen legacy/v3 parent comparison
mango,fruit,fruit,unchanged,reviewed,operator-corrective-review-v2,full-ontology-resolution-v2,Explicitly reviewed corrective topology transition,frozen legacy/v3 parent comparison
maple-syrup,syrup,sweetener,changed,reviewed,operator-corrective-review-v2,full-ontology-resolution-v2,Explicitly reviewed corrective topology transition,frozen legacy/v3 parent comparison
marinara-sauce,tomato-sauce,tomato-sauce,unchanged,reviewed,operator-corrective-review-v2,full-ontology-resolution-v2,Explicitly reviewed corrective topology transition,frozen legacy/v3 parent comparison
marry-me-chicken,prepared-meal,prepared-meal,unchanged,reviewed,operator-corrective-review-v2,full-ontology-resolution-v2,Explicitly reviewed corrective topology transition,frozen legacy/v3 parent comparison
marry-me-chicken-sauce,sauce,sauce,unchanged,reviewed,operator-corrective-review-v2,full-ontology-resolution-v2,Explicitly reviewed corrective topology transition,frozen legacy/v3 parent comparison
mascarpone,,dairy,added,reviewed,operator-corrective-review-v2,full-ontology-resolution-v2,Explicitly reviewed corrective topology transition,frozen legacy/v3 parent comparison
mayonnaise,condiment,condiment,unchanged,reviewed,operator-corrective-review-v2,full-ontology-resolution-v2,Explicitly reviewed corrective topology transition,frozen legacy/v3 parent comparison
meal,,composite-food,added,reviewed,operator-corrective-review-v2,full-ontology-resolution-v2,Explicitly reviewed corrective topology transition,frozen legacy/v3 parent comparison
meat,,animal-derived,added,reviewed,operator-corrective-review-v2,full-ontology-resolution-v2,Explicitly reviewed corrective topology transition,frozen legacy/v3 parent comparison
meat-alternative,,ingredient,added,reviewed,operator-corrective-review-v2,full-ontology-resolution-v2,Explicitly reviewed corrective topology transition,frozen legacy/v3 parent comparison
mexican-salsa,,prepared-food,added,reviewed,operator-corrective-review-v2,full-ontology-resolution-v2,Explicitly reviewed corrective topology transition,frozen legacy/v3 parent comparison
milk,dairy,dairy,unchanged,reviewed,operator-corrective-review-v2,full-ontology-resolution-v2,Explicitly reviewed corrective topology transition,frozen legacy/v3 parent comparison
milk-alternative,ingredient,beverage,changed,reviewed,operator-corrective-review-v2,full-ontology-resolution-v2,Explicitly reviewed corrective topology transition,frozen legacy/v3 parent comparison
mint,,herb,added,reviewed,operator-corrective-review-v2,full-ontology-resolution-v2,Explicitly reviewed corrective topology transition,frozen legacy/v3 parent comparison
miso,,condiment,added,reviewed,operator-corrective-review-v2,full-ontology-resolution-v2,Explicitly reviewed corrective topology transition,frozen legacy/v3 parent comparison
miso-soup,soup,soup,unchanged,reviewed,operator-corrective-review-v2,full-ontology-resolution-v2,Explicitly reviewed corrective topology transition,frozen legacy/v3 parent comparison
molasses,sweetener,sweetener,unchanged,reviewed,operator-corrective-review-v2,full-ontology-resolution-v2,Explicitly reviewed corrective topology transition,frozen legacy/v3 parent comparison
mozzarella,cheese,cheese,unchanged,reviewed,operator-corrective-review-v2,full-ontology-resolution-v2,Explicitly reviewed corrective topology transition,frozen legacy/v3 parent comparison
multi-ingredient-soup,soup,soup,unchanged,reviewed,operator-corrective-review-v2,full-ontology-resolution-v2,Explicitly reviewed corrective topology transition,frozen legacy/v3 parent comparison
mushroom,,vegetable,added,reviewed,operator-corrective-review-v2,full-ontology-resolution-v2,Explicitly reviewed corrective topology transition,frozen legacy/v3 parent comparison
mustard,condiment,condiment,unchanged,reviewed,operator-corrective-review-v2,full-ontology-resolution-v2,Explicitly reviewed corrective topology transition,frozen legacy/v3 parent comparison
nachos,prepared-meal,prepared-meal,unchanged,reviewed,operator-corrective-review-v2,full-ontology-resolution-v2,Explicitly reviewed corrective topology transition,frozen legacy/v3 parent comparison
noodle,ingredient,grain,changed,reviewed,operator-corrective-review-v2,full-ontology-resolution-v2,Explicitly reviewed corrective topology transition,frozen legacy/v3 parent comparison
noodle-soup,soup,soup,unchanged,reviewed,operator-corrective-review-v2,full-ontology-resolution-v2,Explicitly reviewed corrective topology transition,frozen legacy/v3 parent comparison
noodles,,grain,added,reviewed,operator-corrective-review-v2,full-ontology-resolution-v2,Explicitly reviewed corrective topology transition,frozen legacy/v3 parent comparison
nut,,plant-derived,added,reviewed,operator-corrective-review-v2,full-ontology-resolution-v2,Explicitly reviewed corrective topology transition,frozen legacy/v3 parent comparison
nut-butter,butter,condiment,changed,reviewed,operator-corrective-review-v2,full-ontology-resolution-v2,Explicitly reviewed corrective topology transition,frozen legacy/v3 parent comparison
nutmeg,,spice,added,reviewed,operator-corrective-review-v2,full-ontology-resolution-v2,Explicitly reviewed corrective topology transition,frozen legacy/v3 parent comparison
nuts,,ingredient,added,reviewed,operator-corrective-review-v2,full-ontology-resolution-v2,Explicitly reviewed corrective topology transition,frozen legacy/v3 parent comparison
oats,,grain,added,reviewed,operator-corrective-review-v2,full-ontology-resolution-v2,Explicitly reviewed corrective topology transition,frozen legacy/v3 parent comparison
oil,ingredient,oil-fat,changed,reviewed,operator-corrective-review-v2,full-ontology-resolution-v2,Explicitly reviewed corrective topology transition,frozen legacy/v3 parent comparison
oil-fat,,ingredient,added,reviewed,operator-corrective-review-v2,full-ontology-resolution-v2,Explicitly reviewed corrective topology transition,frozen legacy/v3 parent comparison
olive,ingredient,fruit,changed,reviewed,operator-corrective-review-v2,full-ontology-resolution-v2,Explicitly reviewed corrective topology transition,frozen legacy/v3 parent comparison
olives,vegetable,,removed,reviewed,operator-corrective-review-v2,full-ontology-resolution-v2,Explicitly reviewed corrective topology transition,frozen legacy/v3 parent comparison
onion,vegetable,vegetable,unchanged,reviewed,operator-corrective-review-v2,full-ontology-resolution-v2,Explicitly reviewed corrective topology transition,frozen legacy/v3 parent comparison
orange,,fruit,added,reviewed,operator-corrective-review-v2,full-ontology-resolution-v2,Explicitly reviewed corrective topology transition,frozen legacy/v3 parent comparison
orange-juice,,beverage,added,reviewed,operator-corrective-review-v2,full-ontology-resolution-v2,Explicitly reviewed corrective topology transition,frozen legacy/v3 parent comparison
oregano,,herb,added,reviewed,operator-corrective-review-v2,full-ontology-resolution-v2,Explicitly reviewed corrective topology transition,frozen legacy/v3 parent comparison
oyster,,shellfish,added,reviewed,operator-corrective-review-v2,full-ontology-resolution-v2,Explicitly reviewed corrective topology transition,frozen legacy/v3 parent comparison
oyster-sauce,sauce,sauce,unchanged,reviewed,operator-corrective-review-v2,full-ontology-resolution-v2,Explicitly reviewed corrective topology transition,frozen legacy/v3 parent comparison
paprika,,spice,added,reviewed,operator-corrective-review-v2,full-ontology-resolution-v2,Explicitly reviewed corrective topology transition,frozen legacy/v3 parent comparison
parmesan,cheese,cheese,unchanged,reviewed,operator-corrective-review-v2,full-ontology-resolution-v2,Explicitly reviewed corrective topology transition,frozen legacy/v3 parent comparison
parsley,,herb,added,reviewed,operator-corrective-review-v2,full-ontology-resolution-v2,Explicitly reviewed corrective topology transition,frozen legacy/v3 parent comparison
passata,,sauce,added,reviewed,operator-corrective-review-v2,full-ontology-resolution-v2,Explicitly reviewed corrective topology transition,frozen legacy/v3 parent comparison
pasta,,grain,added,reviewed,operator-corrective-review-v2,full-ontology-resolution-v2,Explicitly reviewed corrective topology transition,frozen legacy/v3 parent comparison
peanut,,legume,added,reviewed,operator-corrective-review-v2,full-ontology-resolution-v2,Explicitly reviewed corrective topology transition,frozen legacy/v3 parent comparison
peanut-butter,nut-butter,nut-butter,unchanged,reviewed,operator-corrective-review-v2,full-ontology-resolution-v2,Explicitly reviewed corrective topology transition,frozen legacy/v3 parent comparison
peanuts,legumes,,removed,reviewed,operator-corrective-review-v2,full-ontology-resolution-v2,Explicitly reviewed corrective topology transition,frozen legacy/v3 parent comparison
pear,fruit-preserve,fruit,changed,reviewed,operator-corrective-review-v2,full-ontology-resolution-v2,Explicitly reviewed corrective topology transition,frozen legacy/v3 parent comparison
pear-marmalade,pear,pear,unchanged,reviewed,operator-corrective-review-v2,full-ontology-resolution-v2,Explicitly reviewed corrective topology transition,frozen legacy/v3 parent comparison
pepper,vegetable,,removed,reviewed,operator-corrective-review-v2,full-ontology-resolution-v2,Explicitly reviewed corrective topology transition,frozen legacy/v3 parent comparison
pepper-jack-cheese,cheese,cheese,unchanged,reviewed,operator-corrective-review-v2,full-ontology-resolution-v2,Explicitly reviewed corrective topology transition,frozen legacy/v3 parent comparison
peppercorn,,,unchanged,reviewed,operator-corrective-review-v2,full-ontology-resolution-v2,Explicitly reviewed corrective topology transition,frozen legacy/v3 parent comparison
pepperoni-pizza,pizza,pizza,unchanged,reviewed,operator-corrective-review-v2,full-ontology-resolution-v2,Explicitly reviewed corrective topology transition,frozen legacy/v3 parent comparison
pickle-chips,pickles,condiment,changed,reviewed,operator-corrective-review-v2,full-ontology-resolution-v2,Explicitly reviewed corrective topology transition,frozen legacy/v3 parent comparison
pickled-jalapeno-peppers,pickled-peppers,,removed,reviewed,operator-corrective-review-v2,full-ontology-resolution-v2,Explicitly reviewed corrective topology transition,frozen legacy/v3 parent comparison
pickled-peppers,pepper,condiment,changed,reviewed,operator-corrective-review-v2,full-ontology-resolution-v2,Explicitly reviewed corrective topology transition,frozen legacy/v3 parent comparison
pickles,vegetable,condiment,changed,reviewed,operator-corrective-review-v2,full-ontology-resolution-v2,Explicitly reviewed corrective topology transition,frozen legacy/v3 parent comparison
pie,dessert,dessert,unchanged,reviewed,operator-corrective-review-v2,full-ontology-resolution-v2,Explicitly reviewed corrective topology transition,frozen legacy/v3 parent comparison
pine-nut,,nut,added,reviewed,operator-corrective-review-v2,full-ontology-resolution-v2,Explicitly reviewed corrective topology transition,frozen legacy/v3 parent comparison
pineapple,fruit,fruit,unchanged,reviewed,operator-corrective-review-v2,full-ontology-resolution-v2,Explicitly reviewed corrective topology transition,frozen legacy/v3 parent comparison
pineapple-juice,,beverage,added,reviewed,operator-corrective-review-v2,full-ontology-resolution-v2,Explicitly reviewed corrective topology transition,frozen legacy/v3 parent comparison
piper-pepper,,spice,added,reviewed,operator-corrective-review-v2,full-ontology-resolution-v2,Explicitly reviewed corrective topology transition,frozen legacy/v3 parent comparison
pizza,prepared-meal,meal,changed,reviewed,operator-corrective-review-v2,full-ontology-resolution-v2,Explicitly reviewed corrective topology transition,frozen legacy/v3 parent comparison
plant-based-burger-patty,plant-based-meat-alternative,plant-based-meat-alternative,unchanged,reviewed,operator-corrective-review-v2,full-ontology-resolution-v2,Explicitly reviewed corrective topology transition,frozen legacy/v3 parent comparison
plant-based-meat-alternative,meat-alternative,meat-alternative,unchanged,reviewed,operator-corrective-review-v2,full-ontology-resolution-v2,Explicitly reviewed corrective topology transition,frozen legacy/v3 parent comparison
plant-based-milk,milk-alternative,milk-alternative,unchanged,reviewed,operator-corrective-review-v2,full-ontology-resolution-v2,Explicitly reviewed corrective topology transition,frozen legacy/v3 parent comparison
plant-derived,,ingredient,added,reviewed,operator-corrective-review-v2,full-ontology-resolution-v2,Explicitly reviewed corrective topology transition,frozen legacy/v3 parent comparison
pork,meat,meat,unchanged,reviewed,operator-corrective-review-v2,full-ontology-resolution-v2,Explicitly reviewed corrective topology transition,frozen legacy/v3 parent comparison
potato,,vegetable,added,reviewed,operator-corrective-review-v2,full-ontology-resolution-v2,Explicitly reviewed corrective topology transition,frozen legacy/v3 parent comparison
poultry,,meat,added,reviewed,operator-corrective-review-v2,full-ontology-resolution-v2,Explicitly reviewed corrective topology transition,frozen legacy/v3 parent comparison
prepared-food,food,food,unchanged,reviewed,operator-corrective-review-v2,full-ontology-resolution-v2,Explicitly reviewed corrective topology transition,frozen legacy/v3 parent comparison
prepared-meal,,prepared-food,added,reviewed,operator-corrective-review-v2,full-ontology-resolution-v2,Explicitly reviewed corrective topology transition,frozen legacy/v3 parent comparison
quinoa,,grain,added,reviewed,operator-corrective-review-v2,full-ontology-resolution-v2,Explicitly reviewed corrective topology transition,frozen legacy/v3 parent comparison
ranch-dressing,salad-dressing,salad-dressing,unchanged,reviewed,operator-corrective-review-v2,full-ontology-resolution-v2,Explicitly reviewed corrective topology transition,frozen legacy/v3 parent comparison
rice,grain,grain,unchanged,reviewed,operator-corrective-review-v2,full-ontology-resolution-v2,Explicitly reviewed corrective topology transition,frozen legacy/v3 parent comparison
rosemary,,herb,added,reviewed,operator-corrective-review-v2,full-ontology-resolution-v2,Explicitly reviewed corrective topology transition,frozen legacy/v3 parent comparison
salad,,meal,added,reviewed,operator-corrective-review-v2,full-ontology-resolution-v2,Explicitly reviewed corrective topology transition,frozen legacy/v3 parent comparison
salad-dressing,condiment,condiment,unchanged,reviewed,operator-corrective-review-v2,full-ontology-resolution-v2,Explicitly reviewed corrective topology transition,frozen legacy/v3 parent comparison
salsa,dip,dip,unchanged,reviewed,operator-corrective-review-v2,full-ontology-resolution-v2,Explicitly reviewed corrective topology transition,frozen legacy/v3 parent comparison
salsa-verde,,prepared-food,added,reviewed,operator-corrective-review-v2,full-ontology-resolution-v2,Explicitly reviewed corrective topology transition,frozen legacy/v3 parent comparison
salt,ingredient,ingredient,unchanged,reviewed,operator-corrective-review-v2,full-ontology-resolution-v2,Explicitly reviewed corrective topology transition,frozen legacy/v3 parent comparison
santa-fe-salad,,prepared-food,added,reviewed,operator-corrective-review-v2,full-ontology-resolution-v2,Explicitly reviewed corrective topology transition,frozen legacy/v3 parent comparison
sauce,,prepared-food,added,reviewed,operator-corrective-review-v2,full-ontology-resolution-v2,Explicitly reviewed corrective topology transition,frozen legacy/v3 parent comparison
seafood,,animal-derived,added,reviewed,operator-corrective-review-v2,full-ontology-resolution-v2,Explicitly reviewed corrective topology transition,frozen legacy/v3 parent comparison
seasoning,spice,spice,unchanged,reviewed,operator-corrective-review-v2,full-ontology-resolution-v2,Explicitly reviewed corrective topology transition,frozen legacy/v3 parent comparison
seasoning-blend,seasoning,seasoning,unchanged,reviewed,operator-corrective-review-v2,full-ontology-resolution-v2,Explicitly reviewed corrective topology transition,frozen legacy/v3 parent comparison
seed,,plant-derived,added,reviewed,operator-corrective-review-v2,full-ontology-resolution-v2,Explicitly reviewed corrective topology transition,frozen legacy/v3 parent comparison
sesame,seed,seed,unchanged,reviewed,operator-corrective-review-v2,full-ontology-resolution-v2,Explicitly reviewed corrective topology transition,frozen legacy/v3 parent comparison
sesame-oil,oil,,removed,reviewed,operator-corrective-review-v2,full-ontology-resolution-v2,Explicitly reviewed corrective topology transition,frozen legacy/v3 parent comparison
sesame-seed,,seed,added,reviewed,operator-corrective-review-v2,full-ontology-resolution-v2,Explicitly reviewed corrective topology transition,frozen legacy/v3 parent comparison
sesame-seeds,seasoning,,removed,reviewed,operator-corrective-review-v2,full-ontology-resolution-v2,Explicitly reviewed corrective topology transition,frozen legacy/v3 parent comparison
shallot,,vegetable,added,reviewed,operator-corrective-review-v2,full-ontology-resolution-v2,Explicitly reviewed corrective topology transition,frozen legacy/v3 parent comparison
shellfish,seafood,seafood,unchanged,reviewed,operator-corrective-review-v2,full-ontology-resolution-v2,Explicitly reviewed corrective topology transition,frozen legacy/v3 parent comparison
smoke-roasted-salmon-bites,,snack,added,reviewed,operator-corrective-review-v2,full-ontology-resolution-v2,Explicitly reviewed corrective topology transition,frozen legacy/v3 parent comparison
snack,prepared-meal,prepared-food,changed,reviewed,operator-corrective-review-v2,full-ontology-resolution-v2,Explicitly reviewed corrective topology transition,frozen legacy/v3 parent comparison
soda,beverage,beverage,unchanged,reviewed,operator-corrective-review-v2,full-ontology-resolution-v2,Explicitly reviewed corrective topology transition,frozen legacy/v3 parent comparison
soup,prepared-meal,meal,changed,reviewed,operator-corrective-review-v2,full-ontology-resolution-v2,Explicitly reviewed corrective topology transition,frozen legacy/v3 parent comparison
sour-cream,cream,cream,unchanged,reviewed,operator-corrective-review-v2,full-ontology-resolution-v2,Explicitly reviewed corrective topology transition,frozen legacy/v3 parent comparison
soy-sauce,condiment,condiment,unchanged,reviewed,operator-corrective-review-v2,full-ontology-resolution-v2,Explicitly reviewed corrective topology transition,frozen legacy/v3 parent comparison
soybean,condiment,legume,changed,reviewed,operator-corrective-review-v2,full-ontology-resolution-v2,Explicitly reviewed corrective topology transition,frozen legacy/v3 parent comparison
spice,,plant-derived,added,reviewed,operator-corrective-review-v2,full-ontology-resolution-v2,Explicitly reviewed corrective topology transition,frozen legacy/v3 parent comparison
spicy-brown-mustard,brown-mustard,brown-mustard,unchanged,reviewed,operator-corrective-review-v2,full-ontology-resolution-v2,Explicitly reviewed corrective topology transition,frozen legacy/v3 parent comparison
spinach,leafy-vegetable,vegetable,changed,reviewed,operator-corrective-review-v2,full-ontology-resolution-v2,Explicitly reviewed corrective topology transition,frozen legacy/v3 parent comparison
sports-drink,beverage,beverage,unchanged,reviewed,operator-corrective-review-v2,full-ontology-resolution-v2,Explicitly reviewed corrective topology transition,frozen legacy/v3 parent comparison
spread,,condiment,added,reviewed,operator-corrective-review-v2,full-ontology-resolution-v2,Explicitly reviewed corrective topology transition,frozen legacy/v3 parent comparison
spring-onion,,vegetable,added,reviewed,operator-corrective-review-v2,full-ontology-resolution-v2,Explicitly reviewed corrective topology transition,frozen legacy/v3 parent comparison
staple,,ingredient,added,reviewed,operator-corrective-review-v2,full-ontology-resolution-v2,Explicitly reviewed corrective topology transition,frozen legacy/v3 parent comparison
starch,,flour-starch,added,reviewed,operator-corrective-review-v2,full-ontology-resolution-v2,Explicitly reviewed corrective topology transition,frozen legacy/v3 parent comparison
steak-sauce,sauce,sauce,unchanged,reviewed,operator-corrective-review-v2,full-ontology-resolution-v2,Explicitly reviewed corrective topology transition,frozen legacy/v3 parent comparison
stock,ingredient,stock-broth,changed,reviewed,operator-corrective-review-v2,full-ontology-resolution-v2,Explicitly reviewed corrective topology transition,frozen legacy/v3 parent comparison
stock-base,stock,stock-broth,changed,reviewed,operator-corrective-review-v2,full-ontology-resolution-v2,Explicitly reviewed corrective topology transition,frozen legacy/v3 parent comparison
stock-broth,,prepared-food,added,reviewed,operator-corrective-review-v2,full-ontology-resolution-v2,Explicitly reviewed corrective topology transition,frozen legacy/v3 parent comparison
stock-paste,,stock-broth,added,reviewed,operator-corrective-review-v2,full-ontology-resolution-v2,Explicitly reviewed corrective topology transition,frozen legacy/v3 parent comparison
strawberry,,fruit,added,reviewed,operator-corrective-review-v2,full-ontology-resolution-v2,Explicitly reviewed corrective topology transition,frozen legacy/v3 parent comparison
sugar,sweetener,sweetener,unchanged,reviewed,operator-corrective-review-v2,full-ontology-resolution-v2,Explicitly reviewed corrective topology transition,frozen legacy/v3 parent comparison
sun-dried-tomatoes,tomato,,removed,reviewed,operator-corrective-review-v2,full-ontology-resolution-v2,Explicitly reviewed corrective topology transition,frozen legacy/v3 parent comparison
sunflower-seed,,seed,added,reviewed,operator-corrective-review-v2,full-ontology-resolution-v2,Explicitly reviewed corrective topology transition,frozen legacy/v3 parent comparison
sweet-potato,,vegetable,added,reviewed,operator-corrective-review-v2,full-ontology-resolution-v2,Explicitly reviewed corrective topology transition,frozen legacy/v3 parent comparison
sweetener,,ingredient,added,reviewed,operator-corrective-review-v2,full-ontology-resolution-v2,Explicitly reviewed corrective topology transition,frozen legacy/v3 parent comparison
swiss-cheese,cheese,cheese,unchanged,reviewed,operator-corrective-review-v2,full-ontology-resolution-v2,Explicitly reviewed corrective topology transition,frozen legacy/v3 parent comparison
syrup,sweetener,sweetener,unchanged,reviewed,operator-corrective-review-v2,full-ontology-resolution-v2,Explicitly reviewed corrective topology transition,frozen legacy/v3 parent comparison
tacos,prepared-meal,prepared-meal,unchanged,reviewed,operator-corrective-review-v2,full-ontology-resolution-v2,Explicitly reviewed corrective topology transition,frozen legacy/v3 parent comparison
tahini,,condiment,added,reviewed,operator-corrective-review-v2,full-ontology-resolution-v2,Explicitly reviewed corrective topology transition,frozen legacy/v3 parent comparison
tamarind,,fruit,added,reviewed,operator-corrective-review-v2,full-ontology-resolution-v2,Explicitly reviewed corrective topology transition,frozen legacy/v3 parent comparison
thickener,,ingredient,added,reviewed,operator-corrective-review-v2,full-ontology-resolution-v2,Explicitly reviewed corrective topology transition,frozen legacy/v3 parent comparison
thyme,,herb,added,reviewed,operator-corrective-review-v2,full-ontology-resolution-v2,Explicitly reviewed corrective topology transition,frozen legacy/v3 parent comparison
tomato,vegetable,vegetable,unchanged,reviewed,operator-corrective-review-v2,full-ontology-resolution-v2,Explicitly reviewed corrective topology transition,frozen legacy/v3 parent comparison
tomato-paste,,sauce,added,reviewed,operator-corrective-review-v2,full-ontology-resolution-v2,Explicitly reviewed corrective topology transition,frozen legacy/v3 parent comparison
tomato-sauce,sauce,sauce,unchanged,reviewed,operator-corrective-review-v2,full-ontology-resolution-v2,Explicitly reviewed corrective topology transition,frozen legacy/v3 parent comparison
tortilla-chips,snack,snack,unchanged,reviewed,operator-corrective-review-v2,full-ontology-resolution-v2,Explicitly reviewed corrective topology transition,frozen legacy/v3 parent comparison
tree-nuts,nuts,nuts,unchanged,reviewed,operator-corrective-review-v2,full-ontology-resolution-v2,Explicitly reviewed corrective topology transition,frozen legacy/v3 parent comparison
turmeric,,spice,added,reviewed,operator-corrective-review-v2,full-ontology-resolution-v2,Explicitly reviewed corrective topology transition,frozen legacy/v3 parent comparison
vanilla,ingredient,spice,changed,reviewed,operator-corrective-review-v2,full-ontology-resolution-v2,Explicitly reviewed corrective topology transition,frozen legacy/v3 parent comparison
vanilla-extract,,condiment,added,reviewed,operator-corrective-review-v2,full-ontology-resolution-v2,Explicitly reviewed corrective topology transition,frozen legacy/v3 parent comparison
vanilla-sugar,,composite-food,added,reviewed,operator-corrective-review-v2,full-ontology-resolution-v2,Explicitly reviewed corrective topology transition,frozen legacy/v3 parent comparison
vegetable,ingredient,plant-derived,changed,reviewed,operator-corrective-review-v2,full-ontology-resolution-v2,Explicitly reviewed corrective topology transition,frozen legacy/v3 parent comparison
vegetable-soup,soup,soup,unchanged,reviewed,operator-corrective-review-v2,full-ontology-resolution-v2,Explicitly reviewed corrective topology transition,frozen legacy/v3 parent comparison
vegetables,,vegetable,added,reviewed,operator-corrective-review-v2,full-ontology-resolution-v2,Explicitly reviewed corrective topology transition,frozen legacy/v3 parent comparison
vinegar,condiment,condiment,unchanged,reviewed,operator-corrective-review-v2,full-ontology-resolution-v2,Explicitly reviewed corrective topology transition,frozen legacy/v3 parent comparison
walnut,,nut,added,reviewed,operator-corrective-review-v2,full-ontology-resolution-v2,Explicitly reviewed corrective topology transition,frozen legacy/v3 parent comparison
walnuts,tree-nuts,,removed,reviewed,operator-corrective-review-v2,full-ontology-resolution-v2,Explicitly reviewed corrective topology transition,frozen legacy/v3 parent comparison
water,ingredient,ingredient,unchanged,reviewed,operator-corrective-review-v2,full-ontology-resolution-v2,Explicitly reviewed corrective topology transition,frozen legacy/v3 parent comparison
wheat,grain,grain,unchanged,reviewed,operator-corrective-review-v2,full-ontology-resolution-v2,Explicitly reviewed corrective topology transition,frozen legacy/v3 parent comparison
white-chocolate,,chocolate,added,reviewed,operator-corrective-review-v2,full-ontology-resolution-v2,Explicitly reviewed corrective topology transition,frozen legacy/v3 parent comparison
wine,,beverage,added,reviewed,operator-corrective-review-v2,full-ontology-resolution-v2,Explicitly reviewed corrective topology transition,frozen legacy/v3 parent comparison
worcestershire-sauce,,condiment,added,reviewed,operator-corrective-review-v2,full-ontology-resolution-v2,Explicitly reviewed corrective topology transition,frozen legacy/v3 parent comparison
yeast,,leavening,added,reviewed,operator-corrective-review-v2,full-ontology-resolution-v2,Explicitly reviewed corrective topology transition,frozen legacy/v3 parent comparison
yellow-mustard,mustard,mustard,unchanged,reviewed,operator-corrective-review-v2,full-ontology-resolution-v2,Explicitly reviewed corrective topology transition,frozen legacy/v3 parent comparison
yogurt,,dairy,added,reviewed,operator-corrective-review-v2,full-ontology-resolution-v2,Explicitly reviewed corrective topology transition,frozen legacy/v3 parent comparison
zucchini,,vegetable,added,reviewed,operator-corrective-review-v2,full-ontology-resolution-v2,Explicitly reviewed corrective topology transition,frozen legacy/v3 parent comparison
