connector,metadata_schema_version,namespace,provider_ref,title_hash,normalized_local_label,review_key,required_cohort,legacy_occurrences,disposition_code,entity_slug,attributes_json,reviewer,review_batch,rationale,source_citation
cookidoo,ingredient-topology-v1,com.vorwerk.ingredients.Ingredient-rpf,com.vorwerk.ingredients.Ingredient-rpf-61,f9c9baac9006160a6d84a09e77cbfeac349c861513e1786ea447e00198068e20,abacate,a9cf33db13d74b58f59f8faba076652555b6825a4046afc94ac2eb5ce2b6c219,,48,D1,avocado,[],operator-corrective-review-v2,full-ontology-resolution-v2,Explicit owner-scoped local-label review linked to an independently accepted provider title,frozen provider observations + curated eval ontology audit
cookidoo,ingredient-topology-v1,com.vorwerk.ingredients.Ingredient-rpf,com.vorwerk.ingredients.Ingredient-rpf-352,4452df579db4f1b15d9a759f28f41edd966aaa91e048f4c1f79d891e22bc3e25,alho,ef3fb95198134489bde92997271b5bedb5b5fb768f19fc802303d1a39520f834,,314,D2,garlic,"{""form"":""clove""}",operator-corrective-review-v2,full-ontology-resolution-v2,Explicit owner-scoped local-label review linked to an independently accepted provider title,frozen provider observations + curated eval ontology audit
cookidoo,ingredient-topology-v1,com.vorwerk.ingredients.Ingredient-rpf,com.vorwerk.ingredients.Ingredient-rpf-363,7824e0764d79dd525f665d48e0038138cd069fce242b1d8a7b0f6b41f1a3d1be,bagietki,5d108ca478dc0de9c1e1eb69b8816874ccd7091c78a1d16b3f9e9b3169059f68,,1,D1,baguette,{},operator-corrective-review-v2,full-ontology-resolution-v2,Explicit owner-scoped local-label review linked to an independently accepted provider title,frozen provider observations + curated eval ontology audit
cookidoo,ingredient-topology-v1,com.vorwerk.ingredients.Ingredient-rpf,com.vorwerk.ingredients.Ingredient-rpf-7649,afa7af0632831a4bd4fd013eac922b0f7cdff7285cff8b47e9e54a5ed0a4cf36,bbq sauce,b1bb536ea1d0e6b71f52c658f49b8587837e53145647c9026b5c91a47ccb332b,,6,D1,barbecue-sauce,{},operator-corrective-review-v2,full-ontology-resolution-v2,Explicit owner-scoped local-label review linked to an independently accepted provider title,frozen provider observations + curated eval ontology audit
cookidoo,ingredient-topology-v1,com.vorwerk.ingredients.Ingredient-rpf,com.vorwerk.ingredients.Ingredient-rpf-314,33489e83683cb827ea1372996f80c4b0bf4ce77f6e990ea1c8504026de27c7fa,białego octu winnego,e4e8ea11463a6d65edf2f188a033573bd6768dea4973be5bca7ca6de284647f1,,24,D2,vinegar,"{""variety"":""white_wine""}",operator-corrective-review-v2,full-ontology-resolution-v2,Explicit owner-scoped local-label review linked to an independently accepted provider title,frozen provider observations + curated eval ontology audit
cookidoo,ingredient-topology-v1,com.vorwerk.ingredients.Ingredient-rpf,com.vorwerk.ingredients.Ingredient-rpf-490,570da856e0100c159843eba8c056965f662551540b5a6026e987515b49ed4fdc,bột súp gà,607145df042f9911a2a10f575eb5e9afb8f6caa8fb9bffb6faea1999ef80c23b,,2,D2,stock-paste,"{""form"":""paste"",""species"":""chicken"",""variety"":""chicken""}",operator-corrective-review-v2,full-ontology-resolution-v2,Explicit owner-scoped local-label review linked to an independently accepted provider title,frozen provider observations + curated eval ontology audit
cookidoo,ingredient-topology-v1,com.vorwerk.ingredients.Ingredient-rpf,com.vorwerk.ingredients.Ingredient-rpf-411,1bf97a5826eff60bad3fb7cc4a24deaec2d1c04a1663218624f854f26499339e,cardamom pods,e5cb41e9b0f0f136c7544936a9a1c3927e0958e12697b8ece6b6f5292806eb79,,104,D2,cardamom,"{""form"":""pod""}",operator-corrective-review-v2,full-ontology-resolution-v2,Explicit owner-scoped local-label review linked to an independently accepted provider title,frozen provider observations + curated eval ontology audit
cookidoo,ingredient-topology-v1,com.vorwerk.ingredients.Ingredient-rpf,com.vorwerk.ingredients.Ingredient-rpf-259,885e64fbba0a02fe96ca2e9b7a1cd9832aa11aacc9a31168e1dcb338e9572132,cebolo spring onion,c8a9b9866cb9a523b2f774dac4ae0c8ea480538a3291c731b7cb3b8987b24903,,49,D1,spring-onion,[],operator-corrective-review-v2,full-ontology-resolution-v2,Explicit owner-scoped local-label review linked to an independently accepted provider title,frozen provider observations + curated eval ontology audit
cookidoo,ingredient-topology-v1,com.vorwerk.ingredients.Ingredient-rpf,com.vorwerk.ingredients.Ingredient-rpf-18,288971671685b8da56623362c82e1ead68186c5150a35e3b35b5ef74cd7ceebc,cebuli,f895b0e23b5c82b4825e71b4addb7a698ca11378f58f733f29afd64022e4b4cc,,189,D1,onion,{},operator-corrective-review-v2,full-ontology-resolution-v2,Explicit owner-scoped local-label review linked to an independently accepted provider title,frozen provider observations + curated eval ontology audit
cookidoo,ingredient-topology-v1,com.vorwerk.ingredients.Ingredient-rpf,com.vorwerk.ingredients.Ingredient-rpf-490,570da856e0100c159843eba8c056965f662551540b5a6026e987515b49ed4fdc,chicken stock paste homemade,fd9e96d1612433fb4b15c0650379e8dc6cc7998db0bd59bcbb45f2c1f15748dd,,68,D2,stock-paste,"{""form"":""paste"",""species"":""chicken"",""variety"":""chicken""}",operator-corrective-review-v2,full-ontology-resolution-v2,Explicit owner-scoped local-label review linked to an independently accepted provider title,frozen provider observations + curated eval ontology audit
cookidoo,ingredient-topology-v1,com.vorwerk.ingredients.Ingredient-rpf,com.vorwerk.ingredients.Ingredient-rpf-259,885e64fbba0a02fe96ca2e9b7a1cd9832aa11aacc9a31168e1dcb338e9572132,chopped spring onions,c4af63df4677601d32ff28e92448ca568a51f81dd684e07933921970782ff440,,2,D1,spring-onion,[],operator-corrective-review-v2,full-ontology-resolution-v2,Explicit owner-scoped local-label review linked to an independently accepted provider title,frozen provider observations + curated eval ontology audit
cookidoo,ingredient-topology-v1,com.vorwerk.ingredients.Ingredient-rpf,com.vorwerk.ingredients.Ingredient-rpf-151,af8378fd29c209e2003a26c6b646a09f2661e6a9855b74f27b0532987a9c0436,cooking oil,ce81ea2830897d7b3b50285d6af766cb85539fc425d739e216434225faccfb84,,191,D2,oil,"{""variety"":""vegetable""}",operator-corrective-review-v2,full-ontology-resolution-v2,Explicit owner-scoped local-label review linked to an independently accepted provider title,frozen provider observations + curated eval ontology audit
cookidoo,ingredient-topology-v1,com.vorwerk.ingredients.Ingredient-rpf,com.vorwerk.ingredients.Ingredient-rpf-19,591a1c804dc4592231a213790656fc651026e3754e38f89c1520b6958e46ca02,cukinii,e9dd59eb2528bd69d3ad7cebdec17a69f93ca1ebf8e0c4942e5c2a94bfee8033,,40,D1,zucchini,[],operator-corrective-review-v2,full-ontology-resolution-v2,Explicit owner-scoped local-label review linked to an independently accepted provider title,frozen provider observations + curated eval ontology audit
cookidoo,ingredient-topology-v1,com.vorwerk.ingredients.Ingredient-rpf,com.vorwerk.ingredients.Ingredient-rpf-9,cc767fb1c6efc232caf9dd1f6e853d853b58ddd2c058c8820320e69d755c18fb,cukru,54acce46feca20782bf701041e5b0ab5bd5d5172255c581d493dd908397549ea,,317,D1,sugar,{},operator-corrective-review-v2,full-ontology-resolution-v2,Explicit owner-scoped local-label review linked to an independently accepted provider title,frozen provider observations + curated eval ontology audit
cookidoo,ingredient-topology-v1,com.vorwerk.ingredients.Ingredient-rpf,com.vorwerk.ingredients.Ingredient-rpf-352,4452df579db4f1b15d9a759f28f41edd966aaa91e048f4c1f79d891e22bc3e25,d ail,f7c54f17e771eb8fb243b2bf00b4e7368c2a9fa3c65d6eb94118ebc18d2d904c,,194,D2,garlic,"{""form"":""clove""}",operator-corrective-review-v2,full-ontology-resolution-v2,Explicit owner-scoped local-label review linked to an independently accepted provider title,frozen provider observations + curated eval ontology audit
cookidoo,ingredient-topology-v1,com.vorwerk.ingredients.Ingredient-rpf,com.vorwerk.ingredients.Ingredient-rpf-61,f9c9baac9006160a6d84a09e77cbfeac349c861513e1786ea447e00198068e20,d avocat,bb5c693f0732e61181eae4086c4ed70b5766f77516e1f13e794c1f2ca7ad3005,,17,D1,avocado,[],operator-corrective-review-v2,full-ontology-resolution-v2,Explicit owner-scoped local-label review linked to an independently accepted provider title,frozen provider observations + curated eval ontology audit
cookidoo,ingredient-topology-v1,com.vorwerk.ingredients.Ingredient-rpf,com.vorwerk.ingredients.Ingredient-rpf-2765,67aa6b6c143c668356e0bf2568c44deafba7758bc84b5d53372d41cab0d5fa98,de ají de color o paprika,14399d6699c9c1b97e6e935668cd8cb43386a63efaa1d8662fdee4de349bc498,,8,D1,paprika,[],operator-corrective-review-v2,full-ontology-resolution-v2,Explicit owner-scoped local-label review linked to an independently accepted provider title,frozen provider observations + curated eval ontology audit
cookidoo,ingredient-topology-v1,com.vorwerk.ingredients.Ingredient-rpf,com.vorwerk.ingredients.Ingredient-rpf-393,e3b1927cc8a763ef27c7ed0fd4923cef7a2dd56d7431ca2f36c68031cb1358a2,de caldo de verduras en pasta,85a18a8fa624c877cc3c24b4fffe6993e363d4215b13891a36bf6a038b2e54fd,,7,D2,stock-paste,"{""form"":""paste"",""variety"":""vegetable""}",operator-corrective-review-v2,full-ontology-resolution-v2,Explicit owner-scoped local-label review linked to an independently accepted provider title,frozen provider observations + curated eval ontology audit
cookidoo,ingredient-topology-v1,com.vorwerk.ingredients.Ingredient-rpf,com.vorwerk.ingredients.Ingredient-rpf-46,a0d92592fbf2d89fdca2631774ae813178a8a28f886f4be9e19414dcdcaf2d17,de jugo de limón,994625dc85a4b9e56752fd641f33d50d646a475e5c0e0c1c23f0b4059dab0740,,60,D1,lemon-juice,[],operator-corrective-review-v2,full-ontology-resolution-v2,Explicit owner-scoped local-label review linked to an independently accepted provider title,frozen provider observations + curated eval ontology audit
cookidoo,ingredient-topology-v1,com.vorwerk.ingredients.Ingredient-rpf,com.vorwerk.ingredients.Ingredient-rpf-91,69ee4b5bc8e1c92dbc567c463def732a20fb9c51d3abf3ac030a25f663636f2f,de lait de coco,2a5d02a3ff729790e0d8ab4c01ef84352e516634eab5041ffa23565144c0e70b,,196,D1,coconut-milk,{},operator-corrective-review-v2,full-ontology-resolution-v2,Explicit owner-scoped local-label review linked to an independently accepted provider title,frozen provider observations + curated eval ontology audit
cookidoo,ingredient-topology-v1,com.vorwerk.ingredients.Ingredient-rpf,com.vorwerk.ingredients.Ingredient-rpf-1138,2a3c68716e774fffb2dee83c066531c7dbaa13768ab49caf07bc73a24b027053,de mayonesa,69fc99a4c3e55e6e78451b8b4b1d4868aeb36f8889919438edfb8061e03107c4,,48,D1,mayonnaise,{},operator-corrective-review-v2,full-ontology-resolution-v2,Explicit owner-scoped local-label review linked to an independently accepted provider title,frozen provider observations + curated eval ontology audit
cookidoo,ingredient-topology-v1,com.vorwerk.ingredients.Ingredient-rpf,com.vorwerk.ingredients.Ingredient-rpf-2765,67aa6b6c143c668356e0bf2568c44deafba7758bc84b5d53372d41cab0d5fa98,de pimentón,0e4ed18ad475ffa0d08dca32b434ef588491e689c5f91fd41b336d2e6b7aacd4,,57,D1,paprika,[],operator-corrective-review-v2,full-ontology-resolution-v2,Explicit owner-scoped local-label review linked to an independently accepted provider title,frozen provider observations + curated eval ontology audit
cookidoo,ingredient-topology-v1,com.vorwerk.ingredients.Ingredient-rpf,com.vorwerk.ingredients.Ingredient-rpf-63,330ef099cde2127854ca50b5747c77b7f5b0d909e97c3a969c06b907f84b6e71,de queso parmesano,e9ba9765ee72c1b8939646a7793f7ea65b83d1d3afa0b26b4d588b9716358d47,,130,D1,parmesan,[],operator-corrective-review-v2,full-ontology-resolution-v2,Explicit owner-scoped local-label review linked to an independently accepted provider title,frozen provider observations + curated eval ontology audit
cookidoo,ingredient-topology-v1,com.vorwerk.ingredients.Ingredient-rpf,com.vorwerk.ingredients.Ingredient-rpf-25,69a9d240344e1e06ae6fccbce4c8904dae23dddbed90deb01dc596a525b98089,de sal marina,c06d542a2ede3310f0fec641a82ac1831bbd3d78a7d8d7c1be235ae8f837134a,,10,D2,salt,"{""salt_class"":""sea""}",operator-corrective-review-v2,full-ontology-resolution-v2,Explicit owner-scoped local-label review linked to an independently accepted provider title,frozen provider observations + curated eval ontology audit
cookidoo,ingredient-topology-v1,com.vorwerk.ingredients.Ingredient-rpf,com.vorwerk.ingredients.Ingredient-rpf-136,330958a77f98de6b476ac51c9561cc83cdcc9b47eb4e573be16bdd1e3eeac450,de salsa inglesa,705858466b222dc5c6bad8be0f5057f5138ad9e30db64c5c5f8f7aaaff55b8ea,,14,D1,worcestershire-sauce,[],operator-corrective-review-v2,full-ontology-resolution-v2,Explicit owner-scoped local-label review linked to an independently accepted provider title,frozen provider observations + curated eval ontology audit
cookidoo,ingredient-topology-v1,com.vorwerk.ingredients.Ingredient-rpf,com.vorwerk.ingredients.Ingredient-rpf-30,5ed728c2fa5d767bc6c1ec6a732db1e37c343be46913e6498d340f7782691f14,de tomates,238685cc5fcd188792bd7aa8d983dcdc0160a2dee277ad6bcfbc73b72d5a7c81,,219,D1,tomato,[],operator-corrective-review-v2,full-ontology-resolution-v2,Explicit owner-scoped local-label review linked to an independently accepted provider title,frozen provider observations + curated eval ontology audit
cookidoo,ingredient-topology-v1,com.vorwerk.ingredients.Ingredient-rpf,com.vorwerk.ingredients.Ingredient-rpf-1450,62d74ac3c5bcc094610be12c34f0878e4267ed6b95b5c0f5ed142681b2d90db9,de vinagre de arroz,0f7882987bdc17ccd60d359fa76cb005c5c2418bdd0d8dd4632247cc51b97237,,34,D2,vinegar,"{""variety"":""rice""}",operator-corrective-review-v2,full-ontology-resolution-v2,Explicit owner-scoped local-label review linked to an independently accepted provider title,frozen provider observations + curated eval ontology audit
cookidoo,ingredient-topology-v1,com.vorwerk.ingredients.Ingredient-rpf,com.vorwerk.ingredients.Ingredient-rpf-314,33489e83683cb827ea1372996f80c4b0bf4ce77f6e990ea1c8504026de27c7fa,de vinaigre de vin blanc,80a0dba2162bfc1e8ebf7d67238a35d9841bb22dedab937edd2e76dc20ff25d1,,49,D2,vinegar,"{""variety"":""white_wine""}",operator-corrective-review-v2,full-ontology-resolution-v2,Explicit owner-scoped local-label review linked to an independently accepted provider title,frozen provider observations + curated eval ontology audit
cookidoo,ingredient-topology-v1,com.vorwerk.ingredients.Ingredient-rpf,com.vorwerk.ingredients.Ingredient-rpf-182,a07ad29a35ae597cea91ec624341c947e9968a67b80cb819b924c2fa374a9d9b,de vinaigre de vin rouge,4ecad52a2308dbd37e1425e489c9473f0b1238ac398ecaf3fe00b0fc92668f86,,37,D2,vinegar,"{""variety"":""red_wine""}",operator-corrective-review-v2,full-ontology-resolution-v2,Explicit owner-scoped local-label review linked to an independently accepted provider title,frozen provider observations + curated eval ontology audit
cookidoo,ingredient-topology-v1,com.vorwerk.ingredients.Ingredient-rpf,com.vorwerk.ingredients.Ingredient-rpf-10,b96482290a873ee9875236c0b4455988a10a7ec28bba60419d449429d0ced0e0,de zanahoria,144795a9f2f49cd340bc2db2f5136457ab0606d33232fd59ca5f1ee0abae559e,,163,D1,carrot,{},operator-corrective-review-v2,full-ontology-resolution-v2,Explicit owner-scoped local-label review linked to an independently accepted provider title,frozen provider observations + curated eval ontology audit
cookidoo,ingredient-topology-v1,com.vorwerk.ingredients.Ingredient-rpf,com.vorwerk.ingredients.Ingredient-rpf-18,288971671685b8da56623362c82e1ead68186c5150a35e3b35b5ef74cd7ceebc,di cipolle,56fa568c1b8a8239ad3083b62e449edd1886b50c6c5fa749359365fa7f31833d,,132,D1,onion,{},operator-corrective-review-v2,full-ontology-resolution-v2,Explicit owner-scoped local-label review linked to an independently accepted provider title,frozen provider observations + curated eval ontology audit
cookidoo,ingredient-topology-v1,com.vorwerk.ingredients.Ingredient-rpf,com.vorwerk.ingredients.Ingredient-rpf-40,5d055ff280ca0c2204537d8761a3e35c1f2af12ca2ec8d30d511593d1d88067d,di farina tipo 0,6fed4ae3660ce9e6ea726403e95e3b969c1f2c312baf764c5174c14d98a75934,,51,D2,flour,"{""form"":""flour""}",operator-corrective-review-v2,full-ontology-resolution-v2,Explicit owner-scoped local-label review linked to an independently accepted provider title,frozen provider observations + curated eval ontology audit
cookidoo,ingredient-topology-v1,com.vorwerk.ingredients.Ingredient-rpf,com.vorwerk.ingredients.Ingredient-rpf-63,330ef099cde2127854ca50b5747c77b7f5b0d909e97c3a969c06b907f84b6e71,di parmigiano reggiano,df8d879c43563dc3e81964682065632f8190dbfdf61158872516081138f07368,,246,D1,parmesan,[],operator-corrective-review-v2,full-ontology-resolution-v2,Explicit owner-scoped local-label review linked to an independently accepted provider title,frozen provider observations + curated eval ontology audit
cookidoo,ingredient-topology-v1,com.vorwerk.ingredients.Ingredient-rpf,com.vorwerk.ingredients.Ingredient-rpf-238,0cd903a1eb6be1ec4b41f16eba048704156dea31c2da82ababdad9b97e20eddf,eschalot,3e0d6e86552b3655cb0497dfca04dbb3d0d8ef465edc4db248d98e211d83b556,,62,D1,shallot,[],operator-corrective-review-v2,full-ontology-resolution-v2,Explicit owner-scoped local-label review linked to an independently accepted provider title,frozen provider observations + curated eval ontology audit
cookidoo,ingredient-topology-v1,com.vorwerk.ingredients.Ingredient-rpf,com.vorwerk.ingredients.Ingredient-rpf-238,0cd903a1eb6be1ec4b41f16eba048704156dea31c2da82ababdad9b97e20eddf,eschalots,d97c7b9e9a8e4e086a61d1606b2738e91cb87f8fff33d16af2fec24e7285aea2,,115,D1,shallot,[],operator-corrective-review-v2,full-ontology-resolution-v2,Explicit owner-scoped local-label review linked to an independently accepted provider title,frozen provider observations + curated eval ontology audit
cookidoo,ingredient-topology-v1,com.vorwerk.ingredients.Ingredient-rpf,com.vorwerk.ingredients.Ingredient-rpf-341,2da669b07a5aa30cb57f1be445fa357d9e7b172e1f53d55b7510f7344fb3a133,feta,baad3100c5df88f9288d4aa3e053cc6fc7f5cf5fecf1d3d1772bf22138c74158,,148,D1,feta,[],operator-corrective-review-v2,full-ontology-resolution-v2,Explicit owner-scoped local-label review linked to an independently accepted provider title,frozen provider observations + curated eval ontology audit
cookidoo,ingredient-topology-v1,com.vorwerk.ingredients.Ingredient-rpf,com.vorwerk.ingredients.Ingredient-rpf-188,5620dd11ed470447fa187ae4ae7f4be79dbe5a25b3ee1a931aeead9c1caa2ba8,fischsauce,de6d76f2cd2a272e7e23c4c1eb52bc1d94ed3379d321145f6081f04585426b08,,46,D1,fish-sauce,[],operator-corrective-review-v2,full-ontology-resolution-v2,Explicit owner-scoped local-label review linked to an independently accepted provider title,frozen provider observations + curated eval ontology audit
cookidoo,ingredient-topology-v1,com.vorwerk.ingredients.Ingredient-rpf,com.vorwerk.ingredients.Ingredient-rpf-1002,ab45e8474269b026f668d49860b36850122e18a50d5ea38f3fefdae08261865c,fresh blueberries,aef9e8f5ecd455fa1435c993a7b52cf66d6b3bafdeeeef94eee4e22b0f1327ed,,77,D1,blueberry,[],operator-corrective-review-v2,full-ontology-resolution-v2,Explicit owner-scoped local-label review linked to an independently accepted provider title,frozen provider observations + curated eval ontology audit
cookidoo,ingredient-topology-v1,com.vorwerk.ingredients.Ingredient-rpf,com.vorwerk.ingredients.Ingredient-rpf-1431,9209526aaa61b0709dbb838e14686a26c4a03b53e8eedf34c7e5f6f606110d8c,fresh fruit,b3f43dfc3b0454cf3e5135fc3eddd993a0ff9c3856746442468ebe712e158779,,18,D3,,{},operator-corrective-review-v2,full-ontology-resolution-v2,Explicit owner-scoped contextual interpretation,frozen provider observations + curated eval ontology audit
cookidoo,ingredient-topology-v1,com.vorwerk.ingredients.Ingredient-rpf,com.vorwerk.ingredients.Ingredient-rpf-30,5ed728c2fa5d767bc6c1ec6a732db1e37c343be46913e6498d340f7782691f14,fresh tomatoes,b209964155ff9ab925c5819746bdc116432477e6d0badbb4a7a828bf25a83240,,61,D1,tomato,[],operator-corrective-review-v2,full-ontology-resolution-v2,Explicit owner-scoped local-label review linked to an independently accepted provider title,frozen provider observations + curated eval ontology audit
cookidoo,ingredient-topology-v1,com.vorwerk.ingredients.Ingredient-rpf,com.vorwerk.ingredients.Ingredient-rpf-60,7a27b49d802e7afe175331b6fb35e946fbab6849f7e48bd4c184177750fe9cc3,freshly squeezed lime juice,1d9c74b47a74a1a32508a62024ea50cbe7ab984a8a66a6c24a9181b71f71c1e0,,96,D1,lime-juice,[],operator-corrective-review-v2,full-ontology-resolution-v2,Explicit owner-scoped local-label review linked to an independently accepted provider title,frozen provider observations + curated eval ontology audit
cookidoo,ingredient-topology-v1,com.vorwerk.ingredients.Ingredient-rpf,com.vorwerk.ingredients.Ingredient-rpf-9,cc767fb1c6efc232caf9dd1f6e853d853b58ddd2c058c8820320e69d755c18fb,granulated sugar,81025a637496d36e46986403c4e8c9b5d0e9551b8aa95083362268c61da48ec4,,167,D1,sugar,{},operator-corrective-review-v2,full-ontology-resolution-v2,Explicit owner-scoped local-label review linked to an independently accepted provider title,frozen provider observations + curated eval ontology audit
cookidoo,ingredient-topology-v1,com.vorwerk.ingredients.Ingredient-rpf,com.vorwerk.ingredients.Ingredient-rpf-2765,67aa6b6c143c668356e0bf2568c44deafba7758bc84b5d53372d41cab0d5fa98,ground paprika,9c56e769ad11c17f7ce8bf685d375f77ffdaffe8eef21b864ba1ca4c5c6dbaf6,,75,D1,paprika,[],operator-corrective-review-v2,full-ontology-resolution-v2,Explicit owner-scoped local-label review linked to an independently accepted provider title,frozen provider observations + curated eval ontology audit
cookidoo,ingredient-topology-v1,com.vorwerk.ingredients.Ingredient-rpf,com.vorwerk.ingredients.Ingredient-rpf-10,b96482290a873ee9875236c0b4455988a10a7ec28bba60419d449429d0ced0e0,karotten,4c676d2a7e4f2b58820eca5cbf684eb9404e9e651d62bd73c16ac9da0611221d,,160,D1,carrot,{},operator-corrective-review-v2,full-ontology-resolution-v2,Explicit owner-scoped local-label review linked to an independently accepted provider title,frozen provider observations + curated eval ontology audit
cookidoo,ingredient-topology-v1,com.vorwerk.ingredients.Ingredient-rpf,com.vorwerk.ingredients.Ingredient-rpf-1135,0bc3a5ae30466de3d77b506d364eabc28b1b7ceea061c2519328c7be72827483,ketchupu,81a23ef6a2d102d0ee45eddbc25c3e270d2f12f2eb5cb50815d05a8b53af8e57,,35,D1,ketchup,{},operator-corrective-review-v2,full-ontology-resolution-v2,Explicit owner-scoped local-label review linked to an independently accepted provider title,frozen provider observations + curated eval ontology audit
cookidoo,ingredient-topology-v1,com.vorwerk.ingredients.Ingredient-rpf,com.vorwerk.ingredients.Ingredient-rpf-256,eb31a331ca00003eaf7da5003795d7dd0a6b88438dbeecc3c74f78a9a1cb87dc,large red onions,39354be090ba9d091439527fa66510150e198d87408f5d34cc15dad672b66cfb,,1,D2,onion,"{""variety"":""red""}",operator-corrective-review-v2,full-ontology-resolution-v2,Explicit owner-scoped local-label review linked to an independently accepted provider title,frozen provider observations + curated eval ontology audit
cookidoo,ingredient-topology-v1,com.vorwerk.ingredients.Ingredient-rpf,com.vorwerk.ingredients.Ingredient-rpf-46,a0d92592fbf2d89fdca2631774ae813178a8a28f886f4be9e19414dcdcaf2d17,le jus d 1 2 citron jaune,7004281aec560e47755c813754bef5c7bb1cd91aa13fe30261c2c8e9c438c586,,38,D1,lemon-juice,[],operator-corrective-review-v2,full-ontology-resolution-v2,Explicit owner-scoped local-label review linked to an independently accepted provider title,frozen provider observations + curated eval ontology audit
cookidoo,ingredient-topology-v1,com.vorwerk.ingredients.Ingredient-rpf,com.vorwerk.ingredients.Ingredient-rpf-59,efbaa8cbfffc1af3afcf8082a3732e4d5111104ae3f6ef8b2545975e50497505,limes,e0d57e4153946f1a88dffddad0517f9e5a69a4e1b7df3c2e30ce87aedfa1f3c7,,155,D1,lime,{},operator-corrective-review-v2,full-ontology-resolution-v2,Explicit owner-scoped local-label review linked to an independently accepted provider title,frozen provider observations + curated eval ontology audit
cookidoo,ingredient-topology-v1,com.vorwerk.ingredients.Ingredient-rpf,com.vorwerk.ingredients.Ingredient-rpf-60,7a27b49d802e7afe175331b6fb35e946fbab6849f7e48bd4c184177750fe9cc3,limettensaft,4d44e1ba24d668c414f925deaba2f91d70a074bdb046b708ee3d216f65659a94,,144,D1,lime-juice,[],operator-corrective-review-v2,full-ontology-resolution-v2,Explicit owner-scoped local-label review linked to an independently accepted provider title,frozen provider observations + curated eval ontology audit
cookidoo,ingredient-topology-v1,com.vorwerk.ingredients.Ingredient-rpf,com.vorwerk.ingredients.Ingredient-rpf-32,f464d7d71c06e47a535ce441aa202aa717cddeab902a45b0c283aac7a9a090d7,limón,7769281cdfa3528d6acab616aa29d1842779e215961919f25975d67558b51a28,,29,D1,lemon,{},operator-corrective-review-v2,full-ontology-resolution-v2,Explicit owner-scoped local-label review linked to an independently accepted provider title,frozen provider observations + curated eval ontology audit
cookidoo,ingredient-topology-v1,com.vorwerk.ingredients.Ingredient-rpf,com.vorwerk.ingredients.Ingredient-rpf-224,b5508392157fa1c40dcab78b7a43b66ece775fd4bbb6e04a1b426db2d42310d7,low moisture mozzarella,6ad4571a44533196448d93c2497a199a9a3f158ea634eff6742ce49c1d42c332,,6,D1,mozzarella,{},operator-corrective-review-v2,full-ontology-resolution-v2,Explicit owner-scoped local-label review linked to an independently accepted provider title,frozen provider observations + curated eval ontology audit
cookidoo,ingredient-topology-v1,com.vorwerk.ingredients.Ingredient-rpf,com.vorwerk.ingredients.Ingredient-rpf-1138,2a3c68716e774fffb2dee83c066531c7dbaa13768ab49caf07bc73a24b027053,maionese,c7a285609d21d6e9e3a48863ea0a331d2a7678ed325605e98a40e488f2c10825,,54,D1,mayonnaise,{},operator-corrective-review-v2,full-ontology-resolution-v2,Explicit owner-scoped local-label review linked to an independently accepted provider title,frozen provider observations + curated eval ontology audit
cookidoo,ingredient-topology-v1,com.vorwerk.ingredients.Ingredient-rpf,com.vorwerk.ingredients.Ingredient-rpf-82,a55e2e3846a51f6ad0abfdfbdea2ba0e5e0c76b5ccfa8a920895fedeae89a8b6,miodu,4cacbf0d507b6b1e532e4e0ac4d84a08ebd5cf738fc86a4626a345bc82f60b36,,60,D1,honey,{},operator-corrective-review-v2,full-ontology-resolution-v2,Explicit owner-scoped local-label review linked to an independently accepted provider title,frozen provider observations + curated eval ontology audit
cookidoo,ingredient-topology-v1,com.vorwerk.ingredients.Ingredient-rpf,com.vorwerk.ingredients.Ingredient-rpf-59,efbaa8cbfffc1af3afcf8082a3732e4d5111104ae3f6ef8b2545975e50497505,misket limonu,31b0f50b15fc01a0702db8aea63cbd63223eec00c13e10b86b162ecc73fe481d,,5,D1,lime,{},operator-corrective-review-v2,full-ontology-resolution-v2,Explicit owner-scoped local-label review linked to an independently accepted provider title,frozen provider observations + curated eval ontology audit
cookidoo,ingredient-topology-v1,com.vorwerk.ingredients.Ingredient-rpf,com.vorwerk.ingredients.Ingredient-rpf-60,7a27b49d802e7afe175331b6fb35e946fbab6849f7e48bd4c184177750fe9cc3,misket limonu suyu,4c3fecc3cc106f3db5a83b025704bf84919787ebb610807936b0e80674c0f789,,3,D1,lime-juice,[],operator-corrective-review-v2,full-ontology-resolution-v2,Explicit owner-scoped local-label review linked to an independently accepted provider title,frozen provider observations + curated eval ontology audit
cookidoo,ingredient-topology-v1,com.vorwerk.ingredients.Ingredient-rpf,com.vorwerk.ingredients.Ingredient-rpf-79,352b5b6699d83cdc4efde9671693f7d9ca961ca986a90a6b80550a7d173fae4b,mostarda,cf3002d273df46eebe50e01ddffe6f14bf1fade169216b4ffe3bea0e64200ab8,,163,D1,mustard,{},operator-corrective-review-v2,full-ontology-resolution-v2,Explicit owner-scoped local-label review linked to an independently accepted provider title,frozen provider observations + curated eval ontology audit
cookidoo,ingredient-topology-v1,com.vorwerk.ingredients.Ingredient-rpf,com.vorwerk.ingredients.Ingredient-rpf-458,9c48958eb2d8a6b2b6f50bbccbc5e1b1daa290126f6c29414c7e0692d268dec3,mostarda de dijon,21d5fd0456c0dac0ddc80063adcb741e42adbf5fcd3c2779f158d5eb52e27845,,93,D1,dijon-mustard,{},operator-corrective-review-v2,full-ontology-resolution-v2,Explicit owner-scoped local-label review linked to an independently accepted provider title,frozen provider observations + curated eval ontology audit
cookidoo,ingredient-topology-v1,com.vorwerk.ingredients.Ingredient-rpf,com.vorwerk.ingredients.Ingredient-rpf-79,352b5b6699d83cdc4efde9671693f7d9ca961ca986a90a6b80550a7d173fae4b,musztardy,581ae607423a54e44464f1d256842ba5c1987fb28580b148ec334ddd5d9ec6c9,,35,D1,mustard,{},operator-corrective-review-v2,full-ontology-resolution-v2,Explicit owner-scoped local-label review linked to an independently accepted provider title,frozen provider observations + curated eval ontology audit
cookidoo,ingredient-topology-v1,com.vorwerk.ingredients.Ingredient-rpf,com.vorwerk.ingredients.Ingredient-rpf-25,69a9d240344e1e06ae6fccbce4c8904dae23dddbed90deb01dc596a525b98089,muối biển,6389cba64ea11e44308c5fdba3303d69b9dec2e82e8633e48d854bea068d5966,,11,D2,salt,"{""salt_class"":""sea""}",operator-corrective-review-v2,full-ontology-resolution-v2,Explicit owner-scoped local-label review linked to an independently accepted provider title,frozen provider observations + curated eval ontology audit
cookidoo,ingredient-topology-v1,com.vorwerk.ingredients.Ingredient-rpf,com.vorwerk.ingredients.Ingredient-rpf-4026,8ab7d8548a9a844cc15713a9cb891fbc74631843de1677673df02f43dbe489ce,natural peanut butter,098e33bfc94a23ea31539cd20855564d04911c7983e116b35ae39f5fa2c53f0a,,4,D1,peanut-butter,{},operator-corrective-review-v2,full-ontology-resolution-v2,Explicit owner-scoped local-label review linked to an independently accepted provider title,frozen provider observations + curated eval ontology audit
cookidoo,ingredient-topology-v1,com.vorwerk.ingredients.Ingredient-rpf,com.vorwerk.ingredients.Ingredient-rpf-54,0f4168490e38b8447e11ba4bd656aa11b925bd22af30bac464bc153fdb608501,nước,146d5793dcbdccd86ea0a9103938aa37db075f3dc0f5c4cb7f811c7f51dcf8da,,36,D1,water,[],operator-corrective-review-v2,full-ontology-resolution-v2,Explicit owner-scoped local-label review linked to an independently accepted provider title,frozen provider observations + curated eval ontology audit
cookidoo,ingredient-topology-v1,com.vorwerk.ingredients.Ingredient-rpf,com.vorwerk.ingredients.Ingredient-rpf-58,1bc690684dc2af6fde7849d9715f499f0c074c19dff137aa047a68c42f488b26,octu,186e9de88d38adc8cd411e4b4ff3fd0e3ca6aacc27cd697c9d4217b215f1f6b5,,12,D1,vinegar,{},operator-corrective-review-v2,full-ontology-resolution-v2,Explicit owner-scoped local-label review linked to an independently accepted provider title,frozen provider observations + curated eval ontology audit
cookidoo,ingredient-topology-v1,com.vorwerk.ingredients.Ingredient-rpf,com.vorwerk.ingredients.Ingredient-rpf-151,af8378fd29c209e2003a26c6b646a09f2661e6a9855b74f27b0532987a9c0436,oil vegetable,0994c16121d34ad28bc5acccfce4f59ba4ffb4a8a990b72b88ac698e0bf86e14,,1,D2,oil,"{""variety"":""vegetable""}",operator-corrective-review-v2,full-ontology-resolution-v2,Explicit owner-scoped local-label review linked to an independently accepted provider title,frozen provider observations + curated eval ontology audit
cookidoo,ingredient-topology-v1,com.vorwerk.ingredients.Ingredient-rpf,com.vorwerk.ingredients.Ingredient-rpf-151,af8378fd29c209e2003a26c6b646a09f2661e6a9855b74f27b0532987a9c0436,oleju,5977233f37e5115603ba8dd636a069a4c669534fb6faa78230273816f4ae3d34,,116,D2,oil,"{""variety"":""vegetable""}",operator-corrective-review-v2,full-ontology-resolution-v2,Explicit owner-scoped local-label review linked to an independently accepted provider title,frozen provider observations + curated eval ontology audit
cookidoo,ingredient-topology-v1,com.vorwerk.ingredients.Ingredient-rpf,com.vorwerk.ingredients.Ingredient-rpf-2765,67aa6b6c143c668356e0bf2568c44deafba7758bc84b5d53372d41cab0d5fa98,paprika ground,6d8690bf63e280a4fda0d9c24288a233f0b1c65d00b136d6f280baeb90c8e3c6,,1,D1,paprika,[],operator-corrective-review-v2,full-ontology-resolution-v2,Explicit owner-scoped local-label review linked to an independently accepted provider title,frozen provider observations + curated eval ontology audit
cookidoo,ingredient-topology-v1,com.vorwerk.ingredients.Ingredient-rpf,com.vorwerk.ingredients.Ingredient-rpf-1041,97cfbe87531abe0c6bac7b21d616cb422faaa158a9f2ae7e8685c79eb85fc65e,pears,e4a4969d72224c7f5f8cca84e2a84955e83b4e0e8b402576e591fd7231aec9ee,,75,D1,pear,{},operator-corrective-review-v2,full-ontology-resolution-v2,Explicit owner-scoped local-label review linked to an independently accepted provider title,frozen provider observations + curated eval ontology audit
cookidoo,ingredient-topology-v1,com.vorwerk.ingredients.Ingredient-rpf,com.vorwerk.ingredients.Ingredient-rpf-30,5ed728c2fa5d767bc6c1ec6a732db1e37c343be46913e6498d340f7782691f14,pomidorów,44609e97be9dd7c8375cfc728ad81c2a5f8ed00e6a58a392613cece8a2076d9d,,25,D1,tomato,[],operator-corrective-review-v2,full-ontology-resolution-v2,Explicit owner-scoped local-label review linked to an independently accepted provider title,frozen provider observations + curated eval ontology audit
cookidoo,ingredient-topology-v1,com.vorwerk.ingredients.Ingredient-rpf,com.vorwerk.ingredients.Ingredient-rpf-1414,162aee2f56be01284ed76dac7bf58cf2eb783b143e0865c0cd238400a3b95868,queijo cheddar,13d4be9fc25ab09bdb4578da48d68e995310e518f53bee075bb2a7c400384a7e,,39,D1,cheddar,[],operator-corrective-review-v2,full-ontology-resolution-v2,Explicit owner-scoped local-label review linked to an independently accepted provider title,frozen provider observations + curated eval ontology audit
cookidoo,ingredient-topology-v1,com.vorwerk.ingredients.Ingredient-rpf,com.vorwerk.ingredients.Ingredient-rpf-63,330ef099cde2127854ca50b5747c77b7f5b0d909e97c3a969c06b907f84b6e71,queso parmesano,fcc043f4ff2e8250af7879044c10404f831c5285faaa2978d965a01f232e3be3,,4,D1,parmesan,[],operator-corrective-review-v2,full-ontology-resolution-v2,Explicit owner-scoped local-label review linked to an independently accepted provider title,frozen provider observations + curated eval ontology audit
cookidoo,ingredient-topology-v1,com.vorwerk.ingredients.Ingredient-rpf,com.vorwerk.ingredients.Ingredient-rpf-1450,62d74ac3c5bcc094610be12c34f0878e4267ed6b95b5c0f5ed142681b2d90db9,rice wine vinegar,3beedb6a93dfb64d774bd807a3df3c8ee1d911a2cafe5ca8a6594dc6eba9e7f4,,121,D2,vinegar,"{""variety"":""rice""}",operator-corrective-review-v2,full-ontology-resolution-v2,Explicit owner-scoped local-label review linked to an independently accepted provider title,frozen provider observations + curated eval ontology audit
cookidoo,ingredient-topology-v1,com.vorwerk.ingredients.Ingredient-rpf,com.vorwerk.ingredients.Ingredient-rpf-1450,62d74ac3c5bcc094610be12c34f0878e4267ed6b95b5c0f5ed142681b2d90db9,rice wine vinegar unseasoned,c6e7bd0ffda4f754648d95240feb559ccc7e233318d3ffbec4092355d35f1b47,,1,D2,vinegar,"{""variety"":""rice""}",operator-corrective-review-v2,full-ontology-resolution-v2,Explicit owner-scoped local-label review linked to an independently accepted provider title,frozen provider observations + curated eval ontology audit
cookidoo,ingredient-topology-v1,com.vorwerk.ingredients.Ingredient-rpf,com.vorwerk.ingredients.Ingredient-rpf-82,a55e2e3846a51f6ad0abfdfbdea2ba0e5e0c76b5ccfa8a920895fedeae89a8b6,runny honey,3e5b074c2990709a9f62a927580274bbc04fd9e377e788f9b95c1fe86ee68c6c,,37,D1,honey,{},operator-corrective-review-v2,full-ontology-resolution-v2,Explicit owner-scoped local-label review linked to an independently accepted provider title,frozen provider observations + curated eval ontology audit
cookidoo,ingredient-topology-v1,com.vorwerk.ingredients.Ingredient-rpf,com.vorwerk.ingredients.Ingredient-rpf-199,dd832404e8eeb90793f0369b96ed1702e0e22487a58eb4c1f285a4af5c4f6f21,salatgurke,f473e5978bfd8a7614e0baac46da414d8c78ddd0c1a057ac5df39dd3de063486,,40,D1,cucumber,{},operator-corrective-review-v2,full-ontology-resolution-v2,Explicit owner-scoped local-label review linked to an independently accepted provider title,frozen provider observations + curated eval ontology audit
cookidoo,ingredient-topology-v1,com.vorwerk.ingredients.Ingredient-rpf,com.vorwerk.ingredients.Ingredient-rpf-33,9f65e7fcdfcbeecd7e432bf3b24c678c05db722a5b29989be5f93b339bc86326,salsa,6649698a28cb1f70d896865b4e3f479abfd607d33c03efce8962144e1d1aaea8,pt,952,D2,parsley,"{""state"":""fresh""}",operator-corrective-review-v2,full-ontology-resolution-v2,Explicit owner-scoped Portuguese salsa review requires rpf-33 and PT cohort,frozen rpf-33 observation + salsa 910/952 cohort
cookidoo,ingredient-topology-v1,com.vorwerk.ingredients.Ingredient-rpf,com.vorwerk.ingredients.Ingredient-rpf-535,1ffd58e701c0a9f857b2a0a9d458777b4b96ed42a22691d4d81482c4691102b9,scallions,afc25b59d3606bb5baacdb9ad9429e72a273bed3b74da5b6e156d0b1d9725044,,16,D1,spring-onion,[],operator-corrective-review-v2,full-ontology-resolution-v2,Explicit owner-scoped local-label review linked to an independently accepted provider title,frozen provider observations + curated eval ontology audit
cookidoo,ingredient-topology-v1,com.vorwerk.ingredients.Ingredient-rpf,com.vorwerk.ingredients.Ingredient-rpf-74,873ac9ffea4dd04fa719e8920cd6938f0c23cd678af330939cff53c3d2855f34,sera żółtego,b299b3bf710e78e2c8e4e399f3f248432049cb1e3850e26f97d0109e4fb0fbce,,26,D1,cheese,{},operator-corrective-review-v2,full-ontology-resolution-v2,Explicit owner-scoped local-label review linked to an independently accepted provider title,frozen provider observations + curated eval ontology audit
cookidoo,ingredient-topology-v1,com.vorwerk.ingredients.Ingredient-rpf,com.vorwerk.ingredients.Ingredient-rpf-63,330ef099cde2127854ca50b5747c77b7f5b0d909e97c3a969c06b907f84b6e71,shaved parmesan cheese,dae9d1d4864ec5116fe7a195bd41bdc7e2b147a944a45a1f8e7d39bb1ab83297,,6,D1,parmesan,[],operator-corrective-review-v2,full-ontology-resolution-v2,Explicit owner-scoped local-label review linked to an independently accepted provider title,frozen provider observations + curated eval ontology audit
cookidoo,ingredient-topology-v1,com.vorwerk.ingredients.Ingredient-rpf,com.vorwerk.ingredients.Ingredient-rpf-46,a0d92592fbf2d89fdca2631774ae813178a8a28f886f4be9e19414dcdcaf2d17,soku z cytryny,f782ecf7f56ea312483db5aefee10510bd0db47fa766861305c2e145bddfb502,,21,D1,lemon-juice,[],operator-corrective-review-v2,full-ontology-resolution-v2,Explicit owner-scoped local-label review linked to an independently accepted provider title,frozen provider observations + curated eval ontology audit
cookidoo,ingredient-topology-v1,com.vorwerk.ingredients.Ingredient-rpf,com.vorwerk.ingredients.Ingredient-rpf-136,330958a77f98de6b476ac51c9561cc83cdcc9b47eb4e573be16bdd1e3eeac450,sosu worcestershire,732f1778654a08abc4966358863b2118d73047a229ed012cb04de44842294407,,13,D1,worcestershire-sauce,[],operator-corrective-review-v2,full-ontology-resolution-v2,Explicit owner-scoped local-label review linked to an independently accepted provider title,frozen provider observations + curated eval ontology audit
cookidoo,ingredient-topology-v1,com.vorwerk.ingredients.Ingredient-rpf,com.vorwerk.ingredients.Ingredient-rpf-259,885e64fbba0a02fe96ca2e9b7a1cd9832aa11aacc9a31168e1dcb338e9572132,spring onions green onions,525b80baff60224953a7853208b2c73d2af214ba0e876e8823774d1c74789dff,,48,D1,spring-onion,[],operator-corrective-review-v2,full-ontology-resolution-v2,Explicit owner-scoped local-label review linked to an independently accepted provider title,frozen provider observations + curated eval ontology audit
cookidoo,ingredient-topology-v1,com.vorwerk.ingredients.Ingredient-rpf,com.vorwerk.ingredients.Ingredient-rpf-259,885e64fbba0a02fe96ca2e9b7a1cd9832aa11aacc9a31168e1dcb338e9572132,spring onions shallots,3b61188487a1c2f34eba02d0169cb5884c68987d706d40149da1a3a7784ccf13,,263,D1,spring-onion,[],operator-corrective-review-v2,full-ontology-resolution-v2,Explicit owner-scoped local-label review linked to an independently accepted provider title,frozen provider observations + curated eval ontology audit
cookidoo,ingredient-topology-v1,com.vorwerk.ingredients.Ingredient-rpf,com.vorwerk.ingredients.Ingredient-rpf-54,0f4168490e38b8447e11ba4bd656aa11b925bd22af30bac464bc153fdb608501,su,6628fbf284f844ae729b671ebafbcad5cdff7e3eabd5a0333a2276e944666ddb,,124,D1,water,[],operator-corrective-review-v2,full-ontology-resolution-v2,Explicit owner-scoped local-label review linked to an independently accepted provider title,frozen provider observations + curated eval ontology audit
cookidoo,ingredient-topology-v1,com.vorwerk.ingredients.Ingredient-rpf,com.vorwerk.ingredients.Ingredient-rpf-1135,0bc3a5ae30466de3d77b506d364eabc28b1b7ceea061c2519328c7be72827483,tomato ketchup,56363b0dbd2adaa44079c00461081096a1dd290e528bab65185f4968b1fb9dde,,55,D1,ketchup,{},operator-corrective-review-v2,full-ontology-resolution-v2,Explicit owner-scoped local-label review linked to an independently accepted provider title,frozen provider observations + curated eval ontology audit
cookidoo,ingredient-topology-v1,com.vorwerk.ingredients.Ingredient-rpf,com.vorwerk.ingredients.Ingredient-rpf-352,4452df579db4f1b15d9a759f28f41edd966aaa91e048f4c1f79d891e22bc3e25,tép tỏi,64bbed14055db9d0e941468dcce1a0bb6acaed29de8cd58d40425817443f37fe,,6,D2,garlic,"{""form"":""clove""}",operator-corrective-review-v2,full-ontology-resolution-v2,Explicit owner-scoped local-label review linked to an independently accepted provider title,frozen provider observations + curated eval ontology audit
cookidoo,ingredient-topology-v1,com.vorwerk.ingredients.Ingredient-rpf,com.vorwerk.ingredients.Ingredient-rpf-254,811eb81b9d11d65a36c53c3ebdb738ee303403cb79d781ccf4b40764e0a9d12a,uncooked whole chicken,29ed5a4e51fe17979f3eee678a182a1acf52a2c3c88a72dee43a14d97cd53b83,,7,D1,chicken,{},operator-corrective-review-v2,full-ontology-resolution-v2,Explicit owner-scoped local-label review linked to an independently accepted provider title,frozen provider observations + curated eval ontology audit
cookidoo,ingredient-topology-v1,com.vorwerk.ingredients.Ingredient-rpf,com.vorwerk.ingredients.Ingredient-rpf-393,e3b1927cc8a763ef27c7ed0fd4923cef7a2dd56d7431ca2f36c68031cb1358a2,vegetable stock paste homemade,48342b1ff49f7139ec31a2d9be9ba2114b75bffe5deda77c4fea72773d8fe811,,128,D2,stock-paste,"{""form"":""paste"",""variety"":""vegetable""}",operator-corrective-review-v2,full-ontology-resolution-v2,Explicit owner-scoped local-label review linked to an independently accepted provider title,frozen provider observations + curated eval ontology audit
cookidoo,ingredient-topology-v1,com.vorwerk.ingredients.Ingredient-rpf,com.vorwerk.ingredients.Ingredient-rpf-182,a07ad29a35ae597cea91ec624341c947e9968a67b80cb819b924c2fa374a9d9b,vinagre de vinho tinto,3dc505f6b0ba33f8ea04da4fdfcba9315d024c8373f3b51b5b1eccf4180b4789,,28,D2,vinegar,"{""variety"":""red_wine""}",operator-corrective-review-v2,full-ontology-resolution-v2,Explicit owner-scoped local-label review linked to an independently accepted provider title,frozen provider observations + curated eval ontology audit
cookidoo,ingredient-topology-v1,com.vorwerk.ingredients.Ingredient-rpf,com.vorwerk.ingredients.Ingredient-rpf-7,209f76418ece7c936b65ff4777a578d860f762c37ad6c7f08f5826242199ef51,white rice,d3719bd88c3bcd217f2c5ae60531f245bc14ea5ec14a8e7a9738fb61128a6d76,,33,D1,rice,[],operator-corrective-review-v2,full-ontology-resolution-v2,Explicit owner-scoped local-label review linked to an independently accepted provider title,frozen provider observations + curated eval ontology audit
cookidoo,ingredient-topology-v1,com.vorwerk.ingredients.Ingredient-rpf,com.vorwerk.ingredients.Ingredient-rpf-254,811eb81b9d11d65a36c53c3ebdb738ee303403cb79d781ccf4b40764e0a9d12a,whole chicken,f73701cfd5d65a643acf8b97b46254305a9c9eb8c5474cfcfa72d0338e6525e6,,40,D1,chicken,{},operator-corrective-review-v2,full-ontology-resolution-v2,Explicit owner-scoped local-label review linked to an independently accepted provider title,frozen provider observations + curated eval ontology audit
cookidoo,ingredient-topology-v1,com.vorwerk.ingredients.Ingredient-rpf,com.vorwerk.ingredients.Ingredient-rpf-136,330958a77f98de6b476ac51c9561cc83cdcc9b47eb4e573be16bdd1e3eeac450,worcester sauce,fa3475be639a814cf959c78d978e5d5e5c80b619a4fd2e03566c3dc4abb779f0,,80,D1,worcestershire-sauce,[],operator-corrective-review-v2,full-ontology-resolution-v2,Explicit owner-scoped local-label review linked to an independently accepted provider title,frozen provider observations + curated eval ontology audit
cookidoo,ingredient-topology-v1,com.vorwerk.ingredients.Ingredient-rpf,com.vorwerk.ingredients.Ingredient-rpf-7310,af9f757f9e3399e4f349ee9ea6263db3d03ae03459d777fc6f4d4f41faa448c4,zitronensaft frisch gepresst,a4fe92b67d901153ae80257b8881b8ae9d618f3c1ee75e5c4d5a502121abd304,,157,D1,lemon-juice,[],operator-corrective-review-v2,full-ontology-resolution-v2,Explicit owner-scoped local-label review linked to an independently accepted provider title,frozen provider observations + curated eval ontology audit
cookidoo,ingredient-topology-v1,com.vorwerk.ingredients.Ingredient-rpf,com.vorwerk.ingredients.Ingredient-rpf-352,4452df579db4f1b15d9a759f28f41edd966aaa91e048f4c1f79d891e22bc3e25,ząbki czosnku,9946b053bf86e943fb364e6dc7fc58c4dd3b84fd7c262d26ac8be63fe15ef610,,217,D2,garlic,"{""form"":""clove""}",operator-corrective-review-v2,full-ontology-resolution-v2,Explicit owner-scoped local-label review linked to an independently accepted provider title,frozen provider observations + curated eval ontology audit
cookidoo,ingredient-topology-v1,com.vorwerk.ingredients.Ingredient-rpf,com.vorwerk.ingredients.Ingredient-rpf-9,cc767fb1c6efc232caf9dd1f6e853d853b58ddd2c058c8820320e69d755c18fb,đường,d6cbbae779e9632c4cd1912c5955f2cb638780b909181372250231b13d6ae87a,,18,D1,sugar,{},operator-corrective-review-v2,full-ontology-resolution-v2,Explicit owner-scoped local-label review linked to an independently accepted provider title,frozen provider observations + curated eval ontology audit
cookidoo,ingredient-topology-v1,com.vorwerk.ingredients.Ingredient-rpf,com.vorwerk.ingredients.Ingredient-rpf-9,cc767fb1c6efc232caf9dd1f6e853d853b58ddd2c058c8820320e69d755c18fb,şeker,d4b419219a22927e81ac54c0f13cd5f91f9a5603502f685d1ad3deb5a4d6b569,,104,D1,sugar,{},operator-corrective-review-v2,full-ontology-resolution-v2,Explicit owner-scoped local-label review linked to an independently accepted provider title,frozen provider observations + curated eval ontology audit
cookidoo,ingredient-topology-v1,com.vorwerk.ingredients.Ingredient-rpf,com.vorwerk.ingredients.Ingredient-rpf-25,69a9d240344e1e06ae6fccbce4c8904dae23dddbed90deb01dc596a525b98089,θαλασσινό αλάτι,d9a3a1cec5a2133a50f28d3307b17d96c602533ca2c485a5a86ee740a01191f2,,9,D2,salt,"{""salt_class"":""sea""}",operator-corrective-review-v2,full-ontology-resolution-v2,Explicit owner-scoped local-label review linked to an independently accepted provider title,frozen provider observations + curated eval ontology audit
cookidoo,ingredient-topology-v1,com.vorwerk.ingredients.Ingredient-rpf,com.vorwerk.ingredients.Ingredient-rpf-54,0f4168490e38b8447e11ba4bd656aa11b925bd22af30bac464bc153fdb608501,νερό,dd574e18c5cfa0214466f3a76dbd7b2ab84c19043c7967b6893fb160d929f601,,36,D1,water,[],operator-corrective-review-v2,full-ontology-resolution-v2,Explicit owner-scoped local-label review linked to an independently accepted provider title,frozen provider observations + curated eval ontology audit
cookidoo,ingredient-topology-v1,com.vorwerk.ingredients.Ingredient-rpf,com.vorwerk.ingredients.Ingredient-rpf-2765,67aa6b6c143c668356e0bf2568c44deafba7758bc84b5d53372d41cab0d5fa98,πάπρικα,068307b3b0a9be3689b232538fa4e8920ea2110ddf773b7c25914cef928ee2b1,,3,D1,paprika,[],operator-corrective-review-v2,full-ontology-resolution-v2,Explicit owner-scoped local-label review linked to an independently accepted provider title,frozen provider observations + curated eval ontology audit
cookidoo,ingredient-topology-v1,com.vorwerk.ingredients.Ingredient-rpf,com.vorwerk.ingredients.Ingredient-rpf-490,570da856e0100c159843eba8c056965f662551540b5a6026e987515b49ed4fdc,πάστα ζωμού κοτόπουλου,a2988a184a5c3934f7a74ec7b8d4d4d30454fce1ab2100904d57d9922135ec49,,4,D2,stock-paste,"{""form"":""paste"",""species"":""chicken"",""variety"":""chicken""}",operator-corrective-review-v2,full-ontology-resolution-v2,Explicit owner-scoped local-label review linked to an independently accepted provider title,frozen provider observations + curated eval ontology audit
cookidoo,ingredient-topology-v1,com.vorwerk.ingredients.Ingredient-rpf,com.vorwerk.ingredients.Ingredient-rpf-352,4452df579db4f1b15d9a759f28f41edd966aaa91e048f4c1f79d891e22bc3e25,σκελίδες σκόρδο,c4eb467db1f968027421d5e1da8a7d45b24ef05968d6bddd326948f7026d0c6e,,13,D2,garlic,"{""form"":""clove""}",operator-corrective-review-v2,full-ontology-resolution-v2,Explicit owner-scoped local-label review linked to an independently accepted provider title,frozen provider observations + curated eval ontology audit
cookidoo,ingredient-topology-v1,com.vorwerk.ingredients.Ingredient-rpf,com.vorwerk.ingredients.Ingredient-rpf-2765,67aa6b6c143c668356e0bf2568c44deafba7758bc84b5d53372d41cab0d5fa98,ớt bột paprika,e4961285aff18cdb0921eb4a71d1db02089860ea00851b91f902124a2661e06e,,3,D1,paprika,[],operator-corrective-review-v2,full-ontology-resolution-v2,Explicit owner-scoped local-label review linked to an independently accepted provider title,frozen provider observations + curated eval ontology audit
